,entropy,complexity,chunk_num,labels,dataset,ae0,ae1,ae2,ae3,ae4,ae5,ae6,ae7,ae8,ae9,isDegraded,autocluster,egci_clusters
0,0.9150754011372229,0.16631084165438667,0,"[0, 1]",Paola,63.239796,34.583782,67.81138,62.193096,120.00983,105.915764,112.917114,99.55755,77.454765,48.581173,False,1,3
1,0.9178932200409875,0.16055668230624476,1,"[0, 1]",Paola,62.060627,65.18357,64.41692,42.104294,117.830246,129.61894,122.45982,69.99145,47.898033,82.10088,False,-1,3
2,0.9107381526562012,0.17441015419554784,2,"[0, 1]",Paola,75.46983,52.097973,54.200253,67.966034,122.22771,106.044525,107.15524,73.50571,55.49422,31.809202,False,1,3
3,0.9244948396489812,0.14837021848202228,3,"[0, 1]",Paola,78.30735,99.90456,79.01522,83.59438,113.92224,103.75342,72.965515,92.94641,78.233215,42.755184,False,2,3
4,0.913908203653788,0.16744281026182153,4,"[0, 1]",Paola,79.0466,59.39392,53.23135,71.107994,142.11911,118.788284,105.68163,94.84214,105.61435,45.498875,False,-1,3
5,0.911807819993835,0.1695639071744686,5,"[0, 1]",Paola,65.57802,58.523136,65.52232,45.79376,126.70093,96.9255,127.94887,88.322266,115.76527,28.112059,False,-1,3
6,0.9199477285008568,0.1571900424970301,6,"[0, 1]",Paola,91.36835,46.352795,61.729275,65.67848,132.9772,62.730415,112.37588,132.9641,63.538013,12.78613,False,1,3
7,0.9203845018710796,0.15608951876470706,7,"[0, 1]",Paola,74.90472,65.72047,73.142624,87.67971,124.6868,112.57832,105.98102,110.53916,47.967888,78.11778,False,1,3
8,0.9143097135279544,0.1679334671780293,8,"[0, 1]",Paola,86.28351,66.06519,67.433105,68.94232,123.47704,127.06999,95.74275,116.78077,76.49368,109.599915,False,2,3
9,0.9114652572816472,0.1703434670756352,9,"[0, 1]",Paola,67.78799,49.526974,58.608562,72.39937,135.26646,99.27525,117.66759,131.17896,99.02795,38.078236,False,1,3
10,0.9094152461497971,0.17389472462452235,10,"[0, 1]",Paola,61.331806,58.85756,57.677593,49.07331,98.29496,137.97911,111.2398,83.31486,88.003494,75.44557,False,-1,3
11,0.8574567693681414,0.1925280859382603,0,"[0, 1]",Paola,83.93118,68.23471,91.54193,143.14491,121.35652,72.0199,86.07871,102.08247,74.74249,44.088005,False,2,5
12,0.9157684293829167,0.16141531418727015,1,"[0, 1]",Paola,80.13912,99.74448,25.331532,52.896606,107.103325,134.32237,61.22749,82.00478,75.21524,74.50157,False,2,3
13,0.926010412279081,0.14460395498984463,2,"[0, 1]",Paola,108.69627,87.04915,97.265816,79.50572,91.85692,115.85177,105.210266,108.37047,83.78694,102.02213,False,2,3
14,0.9391466902747932,0.12376287288636038,3,"[0, 1]",Paola,73.027054,82.75232,111.59475,89.36948,110.41081,77.69958,83.30112,100.334625,91.86062,59.455425,False,2,6
15,0.9276457030298568,0.14408804002428416,4,"[0, 1]",Paola,89.71259,79.96348,116.52994,86.74957,108.17961,95.99367,22.681417,90.23733,79.45016,53.760864,False,2,3
16,0.930505331292485,0.13740582635081333,5,"[0, 1]",Paola,80.83208,119.01909,114.94972,70.8585,94.26338,72.90733,67.3359,87.45597,81.23248,25.091541,False,2,7
17,0.7597016175290169,0.23752558868313636,6,"[0, 1]",Paola,139.74796,139.4553,100.10337,67.87526,96.90853,134.08052,78.13864,39.61896,57.80295,76.63455,False,2,5
18,0.8997280239365653,0.1749895915123998,7,"[0, 1]",Paola,64.078445,46.576782,58.69578,118.20665,106.88391,115.94447,50.580067,88.704315,62.923435,61.581825,False,2,1
19,0.870856208395706,0.1904576414463848,8,"[0, 1]",Paola,125.023895,89.05381,127.92235,82.81161,120.88641,82.94728,54.045994,75.485,119.90405,77.61785,False,2,1
20,0.8500634366040777,0.19868762390774036,9,"[0, 1]",Paola,138.78471,67.94767,93.45086,90.433914,127.35077,31.120161,94.659935,92.359886,81.91433,27.950293,False,2,5
21,0.7301640297039139,0.26348784380887763,10,"[0, 1]",Paola,84.621704,80.4235,52.170956,60.699375,124.981476,122.63517,73.68756,74.77083,87.62224,38.479847,False,2,5
22,0.9573917304834821,0.08156299245707822,0,"[0, 1]",Paola,88.600586,100.932144,99.55857,49.364544,113.097984,53.39214,62.22658,105.42852,63.495373,17.620165,False,2,4
23,0.9453184163558273,0.09552920341141001,1,"[0, 1]",Paola,81.85619,65.124596,63.02424,130.92398,37.27037,81.05432,72.44035,45.44555,36.22199,10.561602,False,2,2
24,0.9505326611664106,0.09126063220095078,2,"[0, 1]",Paola,90.053246,105.3644,88.81149,59.61156,85.9409,60.64301,81.76004,61.645046,31.078188,3.087708,False,2,4
25,0.9426395594553648,0.09568740809863835,3,"[0, 1]",Paola,44.967983,29.556053,71.89512,57.97869,95.39641,70.494606,115.20413,75.21002,44.18392,20.105303,False,2,2
26,0.938306673725366,0.10537071350121227,4,"[0, 1]",Paola,68.244095,52.456097,88.92958,63.582256,90.470825,80.06566,94.71547,116.35245,37.778698,9.874129,False,2,2
27,0.9594625005512147,0.07598219952181763,5,"[0, 1]",Paola,76.10927,81.917015,4.8004284,54.625023,85.56723,74.23331,81.354996,48.11091,43.770596,14.812839,False,2,4
28,0.9486948965249221,0.09396255427405767,6,"[0, 1]",Paola,91.646774,108.73166,39.485966,73.72093,88.97498,71.23172,43.057407,73.202065,68.36638,40.039886,False,2,4
29,0.9413601853559113,0.10484113408164987,7,"[0, 1]",Paola,79.51241,50.382023,56.496754,76.91683,91.5391,85.36769,74.91622,80.004875,45.816883,39.544456,False,2,2
30,0.9335928319410784,0.11128163200409756,8,"[0, 1]",Paola,73.63669,25.827158,74.96896,44.83304,81.44411,56.517014,110.27552,62.18336,19.832022,32.352585,False,2,2
31,0.9329273141653445,0.11004338466502103,9,"[0, 1]",Paola,37.39861,29.799791,27.804129,37.49653,110.83676,60.515823,101.08584,57.289906,59.00083,26.640219,False,2,2
32,0.9150479056312412,0.12500122213240195,10,"[0, 1]",Paola,108.23903,53.852856,92.76402,75.91757,112.60203,77.88897,69.37787,64.43548,58.71973,26.743828,False,2,2
33,0.9093971064894595,0.14018631617574528,11,"[0, 1]",Paola,103.68844,56.754383,71.26917,63.486126,78.56727,41.473717,80.35069,113.807434,65.53409,22.257504,False,2,7
34,0.9499178297217363,0.08978844478845312,12,"[0, 1]",Paola,120.152985,87.3196,76.434616,112.44084,88.73361,72.74983,8.140803,70.90035,49.47989,23.256033,False,2,4
35,0.9510584848883978,0.0891698209431636,13,"[0, 1]",Paola,58.135742,34.3706,26.30388,53.066708,53.237885,82.07606,48.064785,75.44331,47.248295,0.88788253,False,2,4
36,0.9492754532647049,0.08763072590507588,14,"[0, 1]",Paola,69.0769,23.820665,68.673134,65.81462,103.65643,57.76484,99.17758,73.05905,41.14358,18.624113,False,2,4
37,0.9252967876425308,0.11445692420122963,15,"[0, 1]",Paola,82.19555,76.678085,61.514126,80.06005,78.777695,65.413734,63.98595,71.5571,20.26489,47.507545,False,2,2
38,0.9630270635826156,0.07227933225835037,16,"[0, 1]",Paola,57.861053,97.056496,93.68145,64.22343,62.315197,66.28041,58.18583,64.10351,47.095554,27.032843,False,2,4
39,0.9578160402677234,0.08079985758394356,17,"[0, 1]",Paola,79.304855,83.60805,75.26935,34.264286,77.80438,98.50102,59.740543,67.78549,60.511456,51.193203,False,2,4
40,0.9209537070161778,0.1172371092111689,0,"[0, 1]",Paola,33.37991,29.393236,26.178968,13.151948,114.65742,118.67589,146.59406,175.33696,21.048946,28.088972,False,0,2
41,0.9558681045178905,0.08373004868565331,1,"[0, 1]",Paola,43.578037,24.747828,11.838598,5.5354767,81.96755,67.09363,86.81032,92.383606,31.071877,38.2598,False,2,4
42,0.9244143223971916,0.11874929821240085,2,"[0, 1]",Paola,61.543133,23.319124,31.125956,59.86912,111.21867,59.31941,62.66757,90.68538,66.82193,38.50457,False,2,2
43,0.8748382028945952,0.14119122490278813,3,"[0, 1]",Paola,52.077724,79.61534,79.41017,68.81039,163.40874,79.8804,75.68906,67.47317,66.37165,0.64107543,False,2,1
44,0.8628248678053054,0.1589580353118529,4,"[0, 1]",Paola,57.590076,30.2628,51.587704,55.022533,121.66399,122.08658,117.068306,80.640335,17.392666,60.764732,False,0,1
45,0.9295640682083056,0.10761465661381693,5,"[0, 1]",Paola,65.20943,57.459995,56.5764,54.6482,84.228195,81.137146,84.64958,56.896908,28.502375,49.00413,False,2,2
46,0.8583534872723334,0.17198850768208182,6,"[0, 1]",Paola,36.009293,57.502983,50.504307,-8.51413,104.69918,44.428802,112.89841,100.79588,89.332504,7.732903,False,-1,1
47,0.9423177139405383,0.09674432217903,7,"[0, 1]",Paola,30.10175,27.8884,53.723095,39.967567,64.892975,79.64889,107.86296,47.631813,40.51831,37.380253,False,2,2
48,0.9637859363449052,0.06732095269478534,8,"[0, 1]",Paola,56.794872,43.34919,43.381706,47.866146,139.12071,122.71589,86.569145,149.70895,81.30299,30.37458,False,-1,4
49,0.9528370457256868,0.0816520304715875,9,"[0, 1]",Paola,116.738266,100.96375,53.431377,57.37582,116.5031,46.899426,66.106476,91.374954,54.578373,8.537709,False,2,4
50,0.9651452507162732,0.06880236238733889,10,"[0, 1]",Paola,54.143093,43.921253,30.244883,20.91679,85.89466,99.53709,82.31304,37.88665,53.167538,19.426699,False,2,4
51,0.9618579972455277,0.07456799871301496,11,"[0, 1]",Paola,59.92203,47.082073,51.758396,37.58901,91.61717,78.386505,98.30452,40.01999,41.316254,0.5426436,False,2,4
52,0.9666137795401674,0.06407358159064663,12,"[0, 1]",Paola,66.42105,19.961199,37.257614,42.726494,140.37282,72.930756,74.61263,87.04331,70.355644,21.422539,False,2,4
53,0.9670165218682141,0.06438262864065766,13,"[0, 1]",Paola,46.68334,14.389556,36.553986,48.611874,87.27419,74.11575,95.88061,75.42243,51.18687,38.117756,False,2,4
54,0.8313280042603812,0.1636806495187897,14,"[0, 1]",Paola,93.15223,71.79988,50.521835,63.860546,132.46887,61.958454,62.242138,83.91606,56.4437,36.09221,False,2,1
55,0.9603698059539034,0.07675017474086414,15,"[0, 1]",Paola,90.91687,45.794285,39.568703,73.438,83.170944,85.444046,38.968555,87.59525,35.474926,26.048027,False,2,4
56,0.9606080041291457,0.07765265367062217,16,"[0, 1]",Paola,53.415394,25.95265,24.518473,53.30247,90.94289,63.29799,88.96043,61.044964,68.89264,19.586317,False,2,4
57,0.9006676149748002,0.1332256030022625,17,"[0, 1]",Paola,68.41245,25.509819,34.432755,39.40584,104.59827,92.94943,112.59943,71.4048,31.883436,42.440815,False,-1,9
58,0.692556072738756,0.24787383455707038,0,"[0, 1]",Paola,127.9814,104.69266,104.82183,79.09398,105.416016,69.092285,100.23988,71.18013,68.25549,43.735027,False,2,5
59,0.8853066736212452,0.168960006575853,1,"[0, 1]",Paola,87.39354,53.721844,34.90145,5.766734,135.4648,82.43814,73.90411,72.06218,73.70788,37.792065,False,2,1
60,0.848034524602487,0.1951572831485308,2,"[0, 1]",Paola,82.70686,102.38089,96.55879,94.73903,107.5371,111.228806,63.141106,88.66652,118.22715,64.72417,False,2,5
61,0.9008622635072461,0.15917301534230865,3,"[0, 1]",Paola,119.68382,98.16947,95.84119,102.45099,87.417694,79.19191,81.14664,97.86134,41.45962,41.065674,False,2,1
62,0.8074146675837216,0.2195195674127379,4,"[0, 1]",Paola,154.38324,113.64375,53.757336,112.21948,65.59474,114.51883,44.476,66.760864,55.736935,45.92339,False,2,5
63,0.8706571949842858,0.1690255934756258,5,"[0, 1]",Paola,140.84315,120.63349,117.86113,136.49939,91.50909,7.0215306,54.625626,84.24004,55.75602,16.64548,False,2,1
64,0.8855225659654087,0.18982777117532829,0,"[1, 0]",Paola,23.760855,21.420507,55.64544,94.23587,39.975246,42.87017,90.82149,45.908184,76.49454,77.14528,True,2,1
65,0.7156799635065265,0.2838443927603192,1,"[1, 0]",Paola,121.832214,134.79533,83.85089,108.052376,58.64101,51.69676,28.143656,30.361168,51.071438,78.68138,True,2,5
66,0.7870291822902058,0.22683387604688596,2,"[1, 0]",Paola,83.72824,31.003735,68.603775,73.61417,74.77446,70.12335,39.06246,41.846596,106.9464,37.595737,True,2,5
67,0.8464266813909826,0.21085512185355712,3,"[1, 0]",Paola,52.621372,63.423485,96.09625,70.57571,82.590324,32.731266,56.917236,57.754055,40.546688,74.63052,True,2,5
68,0.9035614916212522,0.16737496474031674,4,"[1, 0]",Paola,50.53376,83.94206,116.004105,96.07791,48.69287,31.394562,59.022472,54.927666,88.628,42.526737,True,2,1
69,0.8324152706492209,0.21640251722949944,5,"[1, 0]",Paola,80.66669,104.01387,42.371494,82.80458,66.15383,65.21476,18.142773,90.948746,119.85297,75.7812,True,2,5
70,0.8815709315788236,0.19101882372708642,6,"[1, 0]",Paola,78.704384,162.83098,83.5406,130.19545,61.588497,36.676315,46.831467,53.447544,38.775055,54.619923,True,2,1
71,0.8389137114634123,0.23016436394877401,7,"[1, 0]",Paola,99.935974,96.96527,111.32028,74.20049,71.130745,23.619265,63.568806,56.238552,82.47518,59.997997,True,2,5
72,0.8730499595774887,0.1882308480273693,8,"[1, 0]",Paola,93.26821,94.431175,92.22925,134.90852,65.57355,44.058792,47.86282,43.443356,75.07182,68.60715,True,2,1
73,0.8449337133627866,0.22726138990735734,9,"[1, 0]",Paola,136.17677,85.00035,101.21834,104.83917,107.30717,54.34628,45.57344,67.78852,61.427357,80.016464,True,2,5
74,0.855751704971678,0.20291752748203004,10,"[1, 0]",Paola,73.52809,103.17676,121.7613,79.772224,64.415245,68.34197,18.680593,55.653973,80.57134,59.034405,True,2,5
75,0.7900596861989702,0.251294538071329,11,"[1, 0]",Paola,91.07205,74.143715,56.185562,111.35349,76.57707,42.27062,34.680347,36.821667,96.260376,39.406437,True,2,5
76,0.7470887902016329,0.2663554059353584,12,"[1, 0]",Paola,94.02051,53.105812,93.64751,89.913666,64.041016,77.936005,48.234917,53.55547,71.22252,86.05796,True,2,5
77,0.8799593425160703,0.1921963584278413,13,"[1, 0]",Paola,67.84779,110.79541,81.308334,96.62529,80.375336,73.93025,32.321106,50.781864,123.74459,73.57763,True,2,1
78,0.8502262533181265,0.2058724069227564,14,"[1, 0]",Paola,111.7089,84.36451,32.39082,25.637085,87.5837,60.842716,82.93956,34.811165,127.98093,96.56409,True,2,5
79,0.8967881000609021,0.16802735441983968,15,"[1, 0]",Paola,71.77727,92.307816,70.15272,68.71917,51.5681,75.65603,52.349636,57.612873,62.121716,58.900097,True,2,1
80,0.897319652628862,0.16796160936804813,16,"[1, 0]",Paola,63.832973,54.531784,65.9319,82.30194,84.99799,70.03218,61.030388,58.622738,99.482666,121.82093,True,2,9
81,0.9208248964816546,0.13791175982279136,17,"[1, 0]",Paola,71.182755,47.27039,34.60863,56.970615,66.2788,65.45961,55.962032,49.563255,92.83159,72.31988,True,2,7
82,0.863901084970453,0.20487521002177464,18,"[1, 0]",Paola,46.835056,44.55714,94.15042,24.689512,86.658005,61.100346,31.706709,46.0098,111.7092,86.51112,True,2,5
83,0.8879755514577155,0.1856536738795343,19,"[1, 0]",Paola,95.705414,88.501465,59.08627,47.19786,100.302185,65.58916,25.326223,53.097897,118.154144,80.31397,True,2,1
84,0.9227146548465244,0.1346442215573954,0,"[1, 0]",Paola,38.75237,26.77261,43.267838,31.697594,153.99394,127.2731,132.70111,165.18127,52.261387,31.097181,True,0,0
85,0.9247372022315208,0.1308766986315429,1,"[1, 0]",Paola,31.92239,21.579817,26.019255,17.946451,205.73303,93.99655,114.09363,168.14238,62.650043,40.26888,True,0,0
86,0.9296250046673133,0.12580449779112243,2,"[1, 0]",Paola,42.918888,35.244198,31.367632,25.712305,164.76625,140.0218,141.54813,137.06877,64.39564,39.719456,True,0,0
87,0.9233990406499717,0.13142590679720903,3,"[1, 0]",Paola,39.503944,25.1602,46.504185,15.977934,146.60204,112.28516,159.0088,144.92993,65.8931,39.030216,True,0,0
88,0.9248559781853001,0.1318481301808821,4,"[1, 0]",Paola,50.69249,17.785416,31.06809,57.328884,159.56763,141.27446,151.2833,143.22964,54.513912,38.35299,True,0,0
89,0.9274107365706422,0.12785052179906153,5,"[1, 0]",Paola,38.017597,42.775528,41.040127,28.79154,164.7693,133.0631,145.28807,117.26921,59.621696,43.81975,True,0,0
90,0.9239325104066304,0.13267006667833847,6,"[1, 0]",Paola,38.53301,36.235172,19.409454,32.703373,201.69043,131.24466,164.06099,141.42163,47.607746,34.939827,True,0,0
91,0.9262063465584389,0.13024769189558677,7,"[1, 0]",Paola,41.78126,57.68256,21.27286,23.714933,202.41628,166.33516,130.72125,127.86973,46.00317,30.359339,True,0,0
92,0.9273944268515396,0.1274148685656974,8,"[1, 0]",Paola,26.229357,27.450487,39.60145,36.51913,180.00932,107.97383,175.62785,104.75929,50.497337,36.63839,True,0,0
93,0.9248549248015827,0.13124642293687463,9,"[1, 0]",Paola,49.77173,34.050938,21.367008,37.5183,131.09714,141.0341,162.6752,137.44743,60.69388,34.135475,True,0,0
94,0.9260835512231294,0.13067278135945695,10,"[1, 0]",Paola,25.750753,21.887964,39.94505,52.06383,116.112564,139.73433,112.60125,185.33263,50.13467,36.774597,True,0,0
95,0.926049041580964,0.12957410435189776,11,"[1, 0]",Paola,45.276554,41.82195,34.718365,27.461164,162.35898,174.2036,169.57616,103.11334,54.24531,31.992329,True,0,0
96,0.9272091956692823,0.1269270585097038,12,"[1, 0]",Paola,40.051815,42.340763,19.099401,33.814877,189.81152,139.03334,125.597206,128.98482,59.460983,40.24593,True,0,0
97,0.9268953670229095,0.1290165453404981,13,"[1, 0]",Paola,42.370785,18.459461,42.99097,19.375029,177.22202,129.02217,134.27437,153.33055,56.159676,42.991585,True,0,0
98,0.9252456239675056,0.13076903108468863,14,"[1, 0]",Paola,22.951271,40.08359,61.765797,53.47483,132.22885,177.55495,69.22074,169.42232,48.231373,39.28741,True,0,0
99,0.9263882821578867,0.13046563401583366,15,"[1, 0]",Paola,43.881916,31.404392,33.00354,50.410847,130.21245,136.37622,188.82137,123.63375,47.116077,53.948696,True,0,0
100,0.9274256606846859,0.12849670049457082,16,"[1, 0]",Paola,32.261463,39.759083,25.045643,23.481373,134.78728,131.1183,157.42288,146.26274,56.025486,27.73357,True,0,0
101,0.9258866424403174,0.1292942859267957,17,"[1, 0]",Paola,75.294586,21.8535,10.644902,41.908054,171.921,85.686104,131.27557,160.61935,72.39726,43.849606,True,0,0
102,0.8073479085991804,0.2207662426941918,0,"[1, 0]",Paola,90.962006,55.65979,43.760895,84.70262,101.76207,61.05148,51.10622,69.84431,118.58423,45.247044,True,2,5
103,0.7131127069856384,0.2838452136260522,1,"[1, 0]",Paola,112.09358,89.38745,82.77613,87.157135,91.96516,79.062294,61.33943,38.90513,80.56793,78.789406,True,-1,5
104,0.7801561315207999,0.25641940237367356,2,"[1, 0]",Paola,111.65633,83.086815,61.84865,46.676132,81.90746,67.091064,34.77707,47.483585,80.53821,76.187996,True,2,5
105,0.8066445650339238,0.25064978905290736,3,"[1, 0]",Paola,59.83059,88.59575,64.41843,92.28111,65.58241,73.47061,69.24651,71.97328,84.48114,58.76475,True,2,5
106,0.8358345656343608,0.2207659375780946,4,"[1, 0]",Paola,91.06773,50.667965,86.17398,74.291565,88.07291,76.2684,50.263588,70.45865,70.04555,122.161606,True,2,5
107,0.8209346197291185,0.23293971272369524,5,"[1, 0]",Paola,94.10956,79.7451,48.812798,85.21137,112.775215,75.84446,7.5575128,63.56999,112.47487,88.29874,True,2,5
108,0.8149965862835326,0.24662460703923594,6,"[1, 0]",Paola,71.0824,86.00276,81.546005,59.81101,68.930504,37.120777,72.940506,74.1315,94.02035,81.55973,True,2,5
109,0.840708752025653,0.2018556665970664,7,"[1, 0]",Paola,86.37479,62.844715,87.97882,65.176796,71.60761,64.74349,95.02361,72.719376,75.29015,62.962162,True,2,5
110,0.8594217273946038,0.20466508040579617,8,"[1, 0]",Paola,79.04047,88.921104,69.51232,89.193436,62.72786,50.49741,17.68357,98.792046,59.503185,65.12552,True,2,5
111,0.7851779288773539,0.25987553163175303,9,"[1, 0]",Paola,114.12801,78.86065,76.84096,70.67013,54.245224,57.07747,60.88482,44.412243,102.57449,42.578938,True,2,5
112,0.6851288576298058,0.29019586064752473,10,"[1, 0]",Paola,106.284996,49.684505,72.166504,80.10226,92.94923,60.73146,56.953587,53.87041,73.56781,89.586266,True,2,5
113,0.8168093708264214,0.24759387832219967,11,"[1, 0]",Paola,88.124695,53.576344,84.89966,85.81207,67.72194,25.26134,86.94812,56.104668,90.004875,39.02996,True,2,5
114,0.824911156696642,0.2243308051561453,12,"[1, 0]",Paola,81.67288,87.71565,68.669945,79.29105,92.76984,47.993313,59.984753,54.793697,77.70187,45.04545,True,2,5
115,0.7386375578254687,0.27775005715236595,13,"[1, 0]",Paola,87.95071,31.033878,93.5591,87.09171,106.24318,41.50538,53.520443,45.98075,120.27721,63.823544,True,2,5
116,0.7257314830078938,0.2788595906013849,14,"[1, 0]",Paola,112.07123,37.103542,110.34964,106.99674,119.17581,46.730877,49.49978,98.66054,65.26026,46.927837,True,2,5
117,0.768290588522989,0.278975078511832,15,"[1, 0]",Paola,100.21266,65.36386,59.6527,57.818005,87.2563,10.247363,63.021805,31.080765,79.1898,77.31311,True,2,5
118,0.775090835504842,0.2573679287375409,16,"[1, 0]",Paola,52.679012,100.24094,68.37196,46.8392,75.99211,50.60191,82.74978,58.420692,79.90367,68.35247,True,2,5
119,0.7879907626180045,0.2568540674329117,17,"[1, 0]",Paola,88.90728,85.705025,80.87842,97.50774,39.59741,55.27611,54.99754,76.74481,86.848114,108.088425,True,2,5
120,0.6975259634271669,0.28354365832184325,18,"[1, 0]",Paola,65.163574,81.679375,65.856926,73.50668,89.73223,69.204575,70.60925,78.28133,84.4468,83.000244,True,2,5
121,0.7472273431835299,0.25863862806854954,19,"[1, 0]",Paola,81.6937,103.734604,53.452312,33.477077,85.65146,69.433075,82.73266,3.2119677,104.67406,106.81329,True,2,5
122,0.8048968262569154,0.22666761259758758,0,"[1, 0]",Paola,67.32223,25.79172,26.06687,30.71844,94.9502,42.312943,66.20715,47.34478,114.269356,97.718925,True,2,5
123,0.8119234640379738,0.21581046895575728,1,"[1, 0]",Paola,82.716095,90.988464,97.70742,35.610653,84.04789,72.32457,76.07932,19.847933,105.64569,125.16939,True,2,5
124,0.8452294362586215,0.20752894189125268,2,"[1, 0]",Paola,57.697758,57.657463,53.137535,-7.1225405,84.585915,58.317955,45.65797,18.728365,133.78067,101.32808,True,2,5
125,0.629063953426114,0.2782457630316027,3,"[1, 0]",Paola,68.79391,20.558058,77.759445,42.852818,76.803,81.90149,73.23957,60.950996,94.87073,114.910545,True,2,5
126,0.9113613941530672,0.15921651619336857,4,"[1, 0]",Paola,58.88671,59.488895,83.811905,9.435462,93.53558,55.641937,75.315865,61.155697,94.79758,106.21188,True,2,1
127,0.8943017097875597,0.17885955882773458,5,"[1, 0]",Paola,75.41383,84.834236,65.59906,39.652493,89.07916,66.791985,60.30495,-5.371704,132.71886,90.92166,True,2,1
128,0.831565468246494,0.22936924413432636,6,"[1, 0]",Paola,36.018227,38.004047,23.886103,37.142204,120.92236,65.628586,80.256516,48.382233,123.79724,71.75861,True,2,5
129,0.877193037941425,0.16928691011654515,7,"[1, 0]",Paola,85.11674,53.94753,51.01804,44.67481,76.17215,81.89799,50.34904,96.62928,108.78435,97.53156,True,2,1
130,0.914794002522514,0.13826471199761278,8,"[1, 0]",Paola,66.112045,18.767845,46.006275,38.07491,82.5534,56.14557,91.101234,72.64952,111.45778,62.223194,True,2,7
131,0.7470039206600099,0.2599320557346115,9,"[1, 0]",Paola,96.70595,75.61962,68.54334,24.421293,109.65975,102.594215,98.58931,60.772423,82.984055,120.63333,True,2,5
132,0.7371384609780152,0.2644420987815293,10,"[1, 0]",Paola,61.921288,31.081308,34.865177,20.034548,115.7216,43.34666,86.38107,73.16599,144.4865,90.04663,True,2,5
133,0.9029646202549652,0.17003945444277982,11,"[1, 0]",Paola,32.499313,38.858852,49.352993,45.416687,90.66103,51.574955,102.07174,53.922443,112.41219,80.425285,True,2,1
134,0.9068154580844333,0.1557915128256589,12,"[1, 0]",Paola,53.514065,62.068356,22.173277,21.244003,105.72958,71.38377,55.15249,57.629436,112.9438,81.02195,True,2,1
135,0.8697424251207112,0.17740529375328773,13,"[1, 0]",Paola,36.833523,52.716488,48.708866,37.563446,44.881145,66.58477,29.862997,81.65585,112.40908,109.51431,True,2,1
136,0.7497740753314909,0.2603977469228329,14,"[1, 0]",Paola,60.78854,22.265724,2.5314386,54.95992,75.24718,28.990698,10.825454,55.396812,110.06453,90.986115,True,2,5
137,0.7068543308439942,0.24010024715459383,15,"[1, 0]",Paola,53.665035,61.40205,17.649698,27.562092,89.09707,76.82566,72.236015,64.994736,98.030174,95.83843,True,2,5
138,0.8192166032965292,0.21758871931161003,16,"[1, 0]",Paola,0.640621,34.515293,103.73758,46.003696,78.72487,69.712135,80.432884,52.327045,110.71661,78.25514,True,2,5
139,0.8162374284443346,0.2321569890842158,17,"[1, 0]",Paola,50.18559,43.640438,40.775394,39.826397,112.69837,84.12639,15.069179,43.136173,143.7084,98.18213,True,2,5
140,0.868872177562434,0.20060923427868996,18,"[1, 0]",Paola,67.289986,32.764,27.216963,41.487854,124.71619,28.581545,59.007793,84.302574,99.19034,93.53894,True,2,5
141,0.8217475338942,0.2183548149940516,19,"[1, 0]",Paola,59.288357,57.74409,53.1539,15.820059,101.46675,62.925823,60.627224,35.842007,121.18562,82.56079,True,2,5
142,0.9393733728823951,0.11231197521358406,0,"[1, 0]",Paola,65.87826,27.690374,31.899279,38.837166,164.85957,104.551056,154.81955,103.508514,62.8935,45.07682,True,0,8
143,0.9292875753543958,0.1248008411318009,1,"[1, 0]",Paola,48.659634,29.460148,26.446356,42.499767,96.87617,141.45695,162.9911,130.15298,51.856266,39.13301,True,0,0
144,0.9287369279149194,0.13196035678841883,2,"[1, 0]",Paola,50.775036,45.342945,39.385143,35.917515,186.15427,138.0271,108.54338,112.330124,83.76004,44.146587,True,0,6
145,0.9250277542796725,0.13755508131263877,3,"[1, 0]",Paola,25.991543,39.260036,38.714466,29.435919,125.46945,151.69514,164.95645,73.97873,56.812416,36.272026,True,-1,7
146,0.9291134930245233,0.13186379494016495,4,"[1, 0]",Paola,62.70532,51.583126,38.446514,45.90095,129.61188,119.33565,150.9541,97.958206,52.71942,48.24905,True,0,6
147,0.9319520750235081,0.11914733831863632,5,"[1, 0]",Paola,57.582348,33.47839,43.673435,41.47601,184.44487,79.16147,110.20574,160.62462,84.37827,32.50603,True,0,0
148,0.9453181389535663,0.10386377082200231,6,"[1, 0]",Paola,46.721973,63.08706,42.875336,47.05371,165.10689,188.964,53.2032,107.11928,53.423615,40.893833,True,0,2
149,0.9315008072276916,0.12717863648036204,7,"[1, 0]",Paola,74.40079,49.130703,32.13563,23.648409,136.20222,160.01024,104.26019,103.519196,62.493694,62.57188,True,0,6
150,0.9418916972883533,0.10997668419203749,8,"[1, 0]",Paola,58.03876,35.369495,49.62791,29.407625,149.57181,118.58273,153.92657,138.49864,72.853806,50.630062,True,0,2
151,0.9305302159905481,0.1300645063436639,9,"[1, 0]",Paola,34.18468,21.203642,38.318813,44.11294,82.28058,99.933235,156.86528,153.72925,48.891834,58.191113,True,0,6
152,0.9371336833301961,0.11703014479775299,10,"[1, 0]",Paola,37.325756,30.951616,44.17023,19.192255,129.68767,112.828064,127.36368,106.65677,50.846176,57.783077,True,0,8
153,0.9347967782705481,0.11832719038356215,11,"[1, 0]",Paola,46.788082,14.818141,53.792034,13.560741,156.3533,150.64899,149.20062,99.271935,52.772533,38.58439,True,0,8
154,0.9316816763530602,0.12662894250653903,12,"[1, 0]",Paola,51.762875,33.59037,32.250763,14.606687,104.78253,131.1561,134.88324,120.0142,57.150356,51.810734,True,0,6
155,0.9434446509667508,0.1072323000434248,13,"[1, 0]",Paola,27.57727,28.496088,40.810017,46.803463,99.79567,125.66254,156.66927,109.24652,73.93892,49.94981,True,0,2
156,0.9443687577931278,0.10660013975476793,14,"[1, 0]",Paola,36.508476,25.988678,35.15497,32.10527,193.62769,131.5234,141.80835,150.29317,56.077477,37.21226,True,0,2
157,0.9273854347218112,0.13426534896058592,15,"[1, 0]",Paola,46.95362,26.324484,45.023067,16.076893,142.56487,110.85272,155.81401,112.98382,101.002426,52.198185,True,0,6
158,0.9322157030123561,0.12305279731088596,16,"[1, 0]",Paola,44.399757,28.006056,36.28659,31.015333,158.70718,123.97366,137.06955,125.37177,67.65578,49.7832,True,0,0
159,0.9435711326083253,0.10486032425480765,17,"[1, 0]",Paola,45.499153,51.86318,37.37376,27.051006,167.22949,80.23087,126.55415,133.12665,98.231384,54.22845,True,0,2
160,0.9284126380210819,0.1268766918416634,0,"[1, 0]",Paola,62.598034,21.993845,45.118122,65.78784,168.70453,105.8515,130.27419,139.81415,61.24979,24.611933,True,0,0
161,0.9312186766448397,0.12344006672905199,1,"[1, 0]",Paola,54.874866,35.518753,39.087635,39.478287,151.68495,105.99221,141.05516,142.89685,57.940174,24.781187,True,0,0
162,0.9318866919920473,0.12144425855356598,2,"[1, 0]",Paola,38.803593,24.57346,33.215973,16.330381,134.43822,112.81004,115.90912,97.98592,43.656895,33.794888,True,0,0
163,0.9295612140795882,0.12317711545930296,3,"[1, 0]",Paola,37.464375,33.783817,37.466923,35.54719,139.75238,95.4285,151.52562,165.90517,39.96806,33.735935,True,0,0
164,0.9313306038370229,0.12167760225862578,4,"[1, 0]",Paola,54.028843,41.812428,32.735138,24.125734,140.09357,158.94518,117.741264,127.00419,54.113827,30.154247,True,0,0
165,0.9332855158179533,0.12005229695437306,5,"[1, 0]",Paola,51.058395,26.624104,45.70596,29.955294,138.95189,138.59511,174.82164,151.20105,30.911188,22.896452,True,0,0
166,0.9351681247300526,0.11611916876764196,6,"[1, 0]",Paola,60.7963,23.671618,25.28903,29.085283,87.71534,130.99278,141.68103,149.09804,47.89365,33.5949,True,0,8
167,0.9295854661788931,0.12470583346917892,7,"[1, 0]",Paola,52.549953,20.028044,34.564,58.099262,184.34041,120.60693,115.05829,151.11525,70.02775,27.891443,True,0,0
168,0.929116764312246,0.12649167257753008,8,"[1, 0]",Paola,43.545673,33.54834,50.34583,41.825787,186.84175,154.3032,118.784805,129.53946,47.88254,26.907038,True,0,0
169,0.9282880462906936,0.12576146316213566,9,"[1, 0]",Paola,43.880966,38.104626,41.83293,56.80318,69.3663,135.31781,151.29625,148.10869,50.44881,34.251602,True,0,0
170,0.9261239211220914,0.1302133963923871,10,"[1, 0]",Paola,55.749294,32.55376,31.062143,45.159977,151.52446,118.95087,156.1702,138.31355,49.497356,17.439913,True,0,0
171,0.9300084406752287,0.1237388401188653,11,"[1, 0]",Paola,44.699535,41.384907,31.81341,43.02399,153.42416,140.34122,104.46065,150.53564,44.405643,33.391777,True,0,0
172,0.9261765496518547,0.12841404131126827,12,"[1, 0]",Paola,64.01759,50.41412,11.121139,36.92186,148.99011,167.44487,111.465836,128.72652,48.7782,22.9406,True,0,0
173,0.9279767643594323,0.12582696943957578,13,"[1, 0]",Paola,61.747723,29.369097,38.62369,23.907576,120.44345,96.426895,158.31348,135.68538,41.356968,42.232807,True,0,0
174,0.9306671704252153,0.12303397231052297,14,"[1, 0]",Paola,66.48004,50.045856,19.743095,36.16428,128.67348,109.554794,117.227486,117.57365,34.777733,22.641397,True,0,0
175,0.9310780557338207,0.1226378416536951,15,"[1, 0]",Paola,44.718494,41.418324,20.832962,33.944256,166.9733,125.302246,117.47095,152.18907,42.208904,28.08618,True,0,0
176,0.9277177225290472,0.12658517634953126,16,"[1, 0]",Paola,58.34902,33.731525,37.178997,31.87326,130.66107,92.84218,114.47738,162.87001,37.557896,19.602497,True,0,0
177,0.9319568719814523,0.12129109768251942,17,"[1, 0]",Paola,39.023,34.609688,52.111202,22.722212,144.58745,140.54115,143.36827,109.24355,36.40187,33.46224,True,0,0
178,0.8673262834527035,0.1809183220115873,0,"[0, 1]",Paola,97.15933,159.61876,155.50552,83.60904,132.16817,114.50166,67.645874,79.450645,68.951126,76.60988,False,2,1
179,0.9033537190405226,0.14900447325504038,1,"[0, 1]",Paola,104.268326,147.42162,91.225266,92.31259,125.375275,49.28797,80.73959,82.95299,96.24481,33.290047,False,2,1
180,0.8806622856186729,0.16615603689823435,2,"[0, 1]",Paola,139.5376,107.8855,95.0517,90.52994,90.30849,80.55879,89.62764,73.00343,55.444218,64.58813,False,2,1
181,0.5125889568039312,0.2978547186402123,3,"[0, 1]",Paola,113.96904,106.33668,94.05839,70.6862,74.86038,70.32206,80.994064,56.07836,66.629654,56.597233,False,2,5
182,0.8608851322691072,0.1901554141929592,4,"[0, 1]",Paola,167.53423,32.43404,71.84395,80.70104,91.49798,66.10202,66.74046,89.2512,53.535053,37.467136,False,2,5
183,0.8753634887600107,0.17037160495689713,5,"[0, 1]",Paola,83.559875,80.85394,84.22131,76.44361,107.17484,118.43707,76.90924,93.3163,112.20141,51.399963,False,2,1
184,0.8840210222352397,0.17332664375994414,6,"[0, 1]",Paola,104.23294,96.353455,101.281105,71.305084,72.96111,83.40773,75.75235,89.503975,52.67556,22.758282,False,2,1
185,0.9025848681939985,0.15209927465109255,7,"[0, 1]",Paola,97.82621,106.8463,73.20569,94.32801,124.81632,92.36198,129.98305,47.78473,87.92595,29.500605,False,2,1
186,0.907177829990895,0.1494141923085146,8,"[0, 1]",Paola,79.1906,48.439404,91.98773,120.521576,111.31124,51.16161,60.687923,101.64267,73.663574,22.57075,False,2,1
187,0.8196179366117958,0.22267203147348627,9,"[0, 1]",Paola,73.40996,121.949684,104.74504,108.21263,95.383194,62.482826,56.750103,75.360664,67.66282,47.73036,False,2,5
188,0.9204351702640755,0.13036833254424418,10,"[0, 1]",Paola,64.40204,66.00702,73.69621,157.66786,88.4144,92.379906,90.09926,59.053177,71.85841,82.66253,False,2,0
189,0.7931466135057348,0.22669493099516605,11,"[0, 1]",Paola,106.553,83.09724,55.203903,143.36151,118.81023,80.03639,36.575,95.8955,95.16661,52.24216,False,2,5
190,0.903796745661709,0.15022268256370142,12,"[0, 1]",Paola,89.68064,126.6867,134.80214,130.76515,75.74299,78.09202,61.121326,69.83748,44.497013,14.49824,False,2,1
191,0.8729017637004802,0.1748075433679286,13,"[0, 1]",Paola,119.08774,160.07243,110.46753,78.27218,78.68016,74.0456,66.293465,75.19777,61.180325,51.681225,False,2,1
192,0.8210212341135434,0.21998137879343532,14,"[0, 1]",Paola,89.34824,75.11321,53.83949,17.31368,134.42412,93.97067,92.849945,62.13454,130.31258,22.656572,False,-1,5
193,0.8883219201442724,0.16567217360877434,15,"[0, 1]",Paola,98.5006,65.00924,29.564436,85.39524,98.423325,94.265465,69.81287,107.00969,81.80743,68.15597,False,2,1
194,0.8719482432976664,0.19244242826411578,16,"[0, 1]",Paola,68.60147,68.87802,62.60938,99.14388,96.906,73.36457,86.18437,65.81892,54.874004,61.012356,False,2,1
195,0.8679129487181072,0.1956708426093507,17,"[0, 1]",Paola,97.88133,86.6092,121.09414,109.151566,95.5259,55.26404,60.997906,49.220615,101.537674,19.995665,False,2,1
196,0.9341812207687182,0.12906192601057584,0,"[0, 1]",Paola,90.597595,68.782135,113.2843,63.202362,121.80417,69.79287,108.31914,71.071465,48.43486,53.386364,False,2,6
197,0.9179985293841079,0.1609352730083217,1,"[0, 1]",Paola,59.776974,29.498173,71.08238,88.2083,90.79772,97.47033,61.433174,96.327934,94.21704,59.588127,False,2,3
198,0.9279458346655445,0.14419574683852748,2,"[0, 1]",Paola,34.573814,40.818806,71.262344,42.564163,118.626175,80.08112,77.516525,66.624306,60.575043,66.46209,False,2,3
199,0.9166753351555043,0.16445152413155495,3,"[0, 1]",Paola,52.430378,52.461586,37.797703,70.42906,108.247246,81.37528,78.944534,113.05171,72.80379,50.27612,False,2,3
200,0.8509892217232776,0.20280866323495034,4,"[0, 1]",Paola,88.99832,104.05881,21.220932,32.39871,99.20132,96.96326,98.434006,83.80299,71.732254,45.523926,False,2,5
201,0.9179122562579637,0.1617684563747495,5,"[0, 1]",Paola,82.96751,38.392597,64.19924,62.317562,151.06166,84.13031,56.644028,64.949684,105.43719,19.414743,False,2,3
202,0.9191184279758424,0.15749551758517108,6,"[0, 1]",Paola,59.24812,85.02994,87.57117,55.58491,106.6445,77.55538,108.06909,82.68774,62.77523,18.650805,False,2,3
203,0.9218166379059567,0.15498015400617282,7,"[0, 1]",Paola,44.55236,98.312225,86.43626,86.88236,96.14209,88.168594,71.44758,72.194626,79.64705,31.232832,False,2,3
204,0.9131763473535373,0.16796548246767876,8,"[0, 1]",Paola,55.799488,48.378315,53.415516,76.28151,102.184845,81.161896,97.3124,104.44255,59.59184,47.359768,False,2,3
205,0.9130595767117954,0.17033970364568268,9,"[0, 1]",Paola,68.16345,62.06368,69.01757,50.62219,95.04903,78.70872,90.233025,74.57899,17.161877,75.610916,False,2,3
206,0.9233927382377609,0.150316687847891,10,"[0, 1]",Paola,76.83476,40.741055,92.76819,64.90636,87.46236,53.09946,77.133316,78.64563,90.91765,55.93895,False,2,3
207,0.9295685987549485,0.12702745501264287,0,"[1, 0]",Paola,47.06442,37.8656,53.678272,67.47113,185.24483,156.46935,72.47284,165.87598,53.414207,36.554745,True,0,0
208,0.9264130984518053,0.13011098835255594,1,"[1, 0]",Paola,52.555737,68.61192,73.18026,65.3221,137.78728,146.02232,173.65602,156.49031,38.554783,40.01697,True,0,0
209,0.9350112776969033,0.11759261839110556,2,"[1, 0]",Paola,79.86737,42.604828,45.029736,26.839909,163.8359,122.336784,160.93428,164.76823,55.002163,48.384426,True,0,8
210,0.9305240827391781,0.12503875951023916,3,"[1, 0]",Paola,57.023716,64.99407,56.425358,70.355515,129.2094,154.95045,87.17964,147.14293,54.4173,33.818756,True,-1,0
211,0.9307312401035062,0.12385848016520544,4,"[1, 0]",Paola,80.41603,62.292767,57.099327,44.29543,167.39877,82.16204,117.30968,171.6463,39.943844,34.962826,True,1,0
212,0.9275868922430872,0.12913948288898194,5,"[1, 0]",Paola,99.67688,79.71988,48.24908,35.170086,169.35814,144.39633,138.79362,132.88997,46.963154,28.242659,True,0,0
213,0.9259847961672913,0.13022700696847248,6,"[1, 0]",Paola,91.070206,78.195564,93.07254,76.31604,140.81502,159.77348,152.6082,108.73728,45.30182,31.107729,True,0,0
214,0.9260726381281251,0.13117128870787897,7,"[1, 0]",Paola,73.03905,97.154434,63.413284,18.632782,137.91708,133.68492,163.52962,139.80984,39.554523,31.906862,True,0,0
215,0.9310151831053404,0.12505642790125776,8,"[1, 0]",Paola,58.922604,53.458412,55.58894,90.6918,111.44156,163.60333,94.17801,140.93478,48.659897,30.740534,True,1,0
216,0.9265421994854712,0.12996189755578563,9,"[1, 0]",Paola,131.20216,57.20201,56.73084,83.49313,177.43564,143.87364,132.3769,155.50058,42.69277,26.567724,True,0,0
217,0.9253923430416182,0.13178952031414837,10,"[1, 0]",Paola,39.94131,28.396524,70.13618,37.676643,148.35747,99.26807,163.78413,157.56276,48.46084,25.209528,True,0,0
218,0.9230617462627553,0.1332132351223133,11,"[1, 0]",Paola,52.600887,49.73019,29.486284,36.051537,144.96906,175.77637,140.91,151.48108,44.717567,28.092958,True,0,0
219,0.9287526245266375,0.12716125902534578,12,"[1, 0]",Paola,87.081436,40.89787,19.565458,20.776167,199.23367,142.3166,121.58481,139.51741,63.179173,37.17178,True,0,0
220,0.9275253604082219,0.12740700371127933,13,"[1, 0]",Paola,51.822124,68.991714,40.86983,35.0184,125.1751,196.03249,121.13464,82.41521,53.951275,40.62173,True,0,0
221,0.9281122943051942,0.12856774014041789,14,"[1, 0]",Paola,43.087345,53.505962,54.541546,21.415112,155.06284,124.04352,138.37984,140.00761,51.121162,32.463223,True,0,0
222,0.9303161062669565,0.12368521007444239,15,"[1, 0]",Paola,75.04061,51.60534,46.18545,28.277122,146.62106,168.14204,154.261,114.75165,41.79217,38.853855,True,0,0
223,0.9284884599427563,0.12635116681938013,16,"[1, 0]",Paola,50.327263,25.133427,34.058228,75.99979,152.56316,133.15338,138.07086,144.09624,57.505924,27.841352,True,0,0
224,0.9258053265337635,0.1313888301263653,17,"[1, 0]",Paola,88.50436,51.793346,45.135204,68.15233,149.61885,159.2365,160.62514,101.542725,64.059204,32.92924,True,0,0
245,0.9185744875671359,0.15685261076829501,0,"[0, 1]",Paola,44.54347,74.26716,58.758358,37.858704,99.49473,99.62367,56.491558,59.62494,77.82256,93.363884,False,2,3
246,0.9158025940308822,0.16202915892224093,1,"[0, 1]",Paola,112.39445,87.003914,31.685328,71.59738,74.944405,93.9039,44.68173,118.32519,70.42535,90.1877,False,2,3
247,0.9118929212201837,0.17084773973583378,2,"[0, 1]",Paola,42.523632,49.292004,60.878063,82.019295,87.978905,85.31982,77.07991,97.55345,67.80197,91.73308,False,2,3
248,0.9058329455609624,0.1814452471558625,3,"[0, 1]",Paola,90.288704,68.611824,47.281094,47.20967,101.48671,96.17234,78.32152,66.90367,87.40516,37.232433,False,2,3
249,0.9219093269497823,0.1523596705631943,4,"[0, 1]",Paola,61.806942,30.556984,42.49348,71.08288,83.11571,69.741646,74.24515,83.76895,118.27099,82.85531,False,2,3
250,0.9194911540141523,0.15807304954670204,5,"[0, 1]",Paola,64.42652,44.734592,53.51039,32.84988,96.60477,59.06692,119.643265,104.87991,106.17857,32.832455,False,-1,3
251,0.9193517843031523,0.15773068795748793,6,"[0, 1]",Paola,46.558113,40.258823,26.929089,33.543354,103.98276,77.22158,95.39256,70.40104,104.04542,82.33118,False,2,3
252,0.9226579711541255,0.15249478746445563,7,"[0, 1]",Paola,73.318695,89.20413,44.018555,75.400604,112.00275,74.39333,102.94827,88.38277,89.67195,81.336334,False,2,3
253,0.9237954080172913,0.1477287502428075,8,"[0, 1]",Paola,57.268383,51.55724,42.18355,61.720158,93.50336,93.16589,109.27041,72.434586,68.217896,66.74953,False,2,3
254,0.9093586445829664,0.17337194741770814,9,"[0, 1]",Paola,70.89156,43.44438,43.82697,58.16625,88.70363,80.69595,94.7531,82.53726,92.75202,71.51084,False,2,3
255,0.9110587590747701,0.17213380931497038,10,"[0, 1]",Paola,53.35891,32.725517,32.29347,32.860073,100.722626,106.90834,63.80299,78.57181,107.80543,45.842518,False,-1,3
256,0.9177167635387369,0.16255055996910964,0,"[0, 1]",Paola,67.14838,69.59572,83.30356,128.51685,139.93867,87.80446,79.45982,76.06042,101.06467,39.692394,False,2,3
257,0.9240817820326809,0.15002258166540375,1,"[0, 1]",Paola,36.955704,72.13072,64.10664,71.10556,103.26814,119.48247,89.54118,77.587975,43.2709,52.090237,False,2,3
258,0.9266242441302888,0.1460644496166061,2,"[0, 1]",Paola,100.43461,113.1682,89.27389,94.082,95.09371,76.17257,43.046486,86.04407,82.93415,49.926964,False,2,3
259,0.9152955470227825,0.16484317633634332,3,"[0, 1]",Paola,44.90197,93.26886,54.75546,72.43212,106.986404,67.16312,93.55932,87.11524,48.388393,37.01824,False,2,3
260,0.9154011753791838,0.16405380743094078,4,"[0, 1]",Paola,107.47271,87.81227,102.10618,74.69623,93.435974,80.41962,78.08472,82.01041,50.62999,14.252032,False,2,3
261,0.9042957731188589,0.1801566074922725,5,"[0, 1]",Paola,86.750946,103.46159,55.700768,45.136475,100.946724,90.317566,71.36524,63.095528,80.46643,23.17523,False,2,3
262,0.9244936453465825,0.14598873032553703,6,"[0, 1]",Paola,129.81686,70.002594,40.798542,55.263252,107.874344,110.708694,68.73119,93.4737,66.734055,92.71857,False,2,3
263,0.7035585844010463,0.25645529850808907,7,"[0, 1]",Paola,60.148365,97.691025,68.97965,128.61275,85.78259,87.83103,111.67782,27.637577,50.791267,60.954952,False,2,5
264,0.9081096235439297,0.17265090170849393,8,"[0, 1]",Paola,78.07417,50.97995,129.74603,110.47414,89.86485,104.471825,75.32473,98.48982,60.277805,55.992287,False,2,3
265,0.8209809191988815,0.21240871452814086,9,"[0, 1]",Paola,69.089745,24.676165,78.03717,93.47444,128.3567,84.656334,97.18653,68.46466,83.00607,48.860893,False,2,5
266,0.9138919562233331,0.1664685784951078,10,"[0, 1]",Paola,99.72116,96.23234,72.05981,123.67461,110.74521,101.80611,93.18729,94.39657,87.22093,64.74082,False,2,3
267,0.8918619726897061,0.17701613958449108,11,"[0, 1]",Paola,72.079216,74.64143,56.830837,62.597702,76.22675,94.08327,60.89868,96.378006,45.348766,80.50671,False,2,1
268,0.9159946181510897,0.16117873677027017,0,"[0, 1]",Paola,75.27765,73.73927,41.561275,52.15319,93.20764,79.17061,103.62579,90.375374,123.13659,22.395838,False,-1,3
269,0.8017188340102994,0.22918484640178413,1,"[0, 1]",Paola,23.775442,38.433857,56.648117,95.70453,88.16658,91.91778,77.65944,79.549126,50.76451,53.86401,False,2,5
270,0.913716808751041,0.16581210278351305,2,"[0, 1]",Paola,112.11633,54.841015,73.56471,66.01954,89.59401,95.40141,95.617645,119.52719,79.76202,68.25559,False,2,3
271,0.9114807585938314,0.17417995284396348,3,"[0, 1]",Paola,65.739365,77.675606,53.113567,38.062195,104.22183,80.41586,85.22511,88.359505,92.8071,88.64507,False,2,3
272,0.9170254925809592,0.1604309929188481,4,"[0, 1]",Paola,96.87138,36.11868,33.142918,69.25281,132.79413,82.68251,90.596176,72.27627,79.4394,47.24146,False,2,3
273,0.9227769569589869,0.1532198890113182,5,"[0, 1]",Paola,14.659444,84.53113,19.700342,56.93431,75.710365,97.61429,128.5429,63.372482,59.946857,58.01341,False,2,3
274,0.9176862869645599,0.16185398870056852,6,"[0, 1]",Paola,50.28445,71.344284,48.350033,46.96461,103.84812,104.898506,90.29098,80.10395,138.54523,45.76613,False,-1,3
275,0.9163507245101828,0.16135720202138243,7,"[0, 1]",Paola,96.036316,56.724403,72.34101,30.421839,81.61111,75.91483,73.187195,85.80827,58.12997,37.14289,False,2,3
276,0.8942850088117666,0.173557776473029,8,"[0, 1]",Paola,66.77632,66.550064,67.46221,50.930103,95.700455,72.95139,87.15411,119.60944,75.32053,75.75813,False,2,1
277,0.9123659238388921,0.16939685828168194,9,"[0, 1]",Paola,65.237,57.070072,64.66144,41.714954,130.32811,77.054886,104.4047,72.69179,99.377426,65.44173,False,2,3
278,0.9140582073544238,0.16541777167926144,10,"[0, 1]",Paola,83.56679,13.256228,79.21915,87.61688,76.38882,79.64659,100.98224,85.36606,41.967644,61.125797,False,2,3
279,0.9249985033911701,0.14839418467094995,0,"[0, 1]",Paola,83.78699,75.04578,50.89507,87.24472,101.028725,71.42151,97.60046,104.96953,75.96619,51.997906,False,2,3
280,0.9264358084848243,0.13834233992606504,1,"[0, 1]",Paola,106.43555,70.16902,79.49091,92.281044,130.75641,70.05005,96.23159,80.538055,92.9794,-5.6064672,False,2,7
281,0.9075567685171824,0.1784921133524377,2,"[0, 1]",Paola,77.83385,69.27443,54.97252,75.918594,115.515335,122.23694,81.49808,119.995735,70.85646,39.47344,False,1,3
282,0.9172928361165408,0.16330479692199512,3,"[0, 1]",Paola,88.73837,67.26746,70.46698,70.073044,108.37875,90.01452,106.43227,95.02333,76.79021,42.736134,False,-1,3
283,0.9082556579742572,0.17707341861887207,4,"[0, 1]",Paola,69.91773,45.73175,80.576965,74.02107,135.6458,85.58739,77.0007,71.38462,99.95531,60.868366,False,2,3
284,0.9111010954510035,0.17210176116031148,5,"[0, 1]",Paola,69.77197,54.984116,39.535435,69.18312,100.03339,77.25351,87.05866,91.07113,96.874954,67.54913,False,2,3
285,0.9042811930837397,0.167415549619902,6,"[0, 1]",Paola,62.849667,81.7135,48.487503,45.80296,103.057465,91.353714,106.910675,94.22375,96.55214,45.449284,False,2,1
286,0.9240741276395499,0.14849942940616506,7,"[0, 1]",Paola,85.43758,71.6794,103.99933,78.93656,94.74519,80.75973,97.9178,72.8537,75.09649,54.9781,False,2,3
287,0.9240944424142629,0.15054897928165736,8,"[0, 1]",Paola,83.79802,83.94333,52.73441,65.50203,90.22864,96.40225,103.72166,83.21779,72.52942,79.7851,False,2,3
288,0.9162239719536528,0.16506144125598618,9,"[0, 1]",Paola,81.85793,64.970184,45.857014,56.24899,131.62401,64.65282,75.99158,74.58707,127.871475,41.558918,False,-1,3
289,0.9256013889786507,0.13841523021537086,10,"[0, 1]",Paola,45.030285,64.57654,49.54811,64.57677,106.276146,61.883053,97.839905,103.07249,73.23462,18.085901,False,2,7
290,0.919590228899251,0.15918902191045597,0,"[0, 1]",Paola,95.37398,54.544575,61.787144,82.83897,105.24889,80.68969,91.5824,115.838715,78.97797,51.250156,False,2,3
291,0.9124721207220834,0.16953343798456685,1,"[0, 1]",Paola,61.398808,121.07478,87.91077,140.26724,117.99892,88.826614,71.679375,62.59112,53.0707,45.936016,False,2,3
292,0.9099434459601011,0.1761304756269361,2,"[0, 1]",Paola,51.87289,55.503193,70.435,59.76199,105.05846,70.10893,111.73896,68.15928,84.26616,65.62138,False,2,3
293,0.9214262600396267,0.15464144184078776,3,"[0, 1]",Paola,79.60328,58.139633,65.25035,73.36626,113.699585,93.8592,93.12254,105.55012,70.814545,65.85205,False,2,3
294,0.911178141975741,0.1719442926410357,4,"[0, 1]",Paola,66.274925,82.94623,53.52242,42.348522,106.15266,59.807636,81.36988,94.288025,41.69681,39.264828,False,2,3
295,0.9048183592708051,0.18550602425609689,5,"[0, 1]",Paola,59.047794,100.579384,30.500832,56.73776,99.48285,84.1465,89.54521,87.22147,48.556736,73.66635,False,2,3
296,0.921335585427892,0.1550401759642786,6,"[0, 1]",Paola,70.60837,73.92435,102.36301,83.76198,130.81534,76.653915,77.686806,91.79155,95.8033,69.092834,False,2,3
297,0.9120516868573475,0.16561508115068121,7,"[0, 1]",Paola,73.063354,72.52021,36.155506,37.79577,112.318405,93.666306,93.85239,114.05433,86.04855,64.28884,False,2,3
298,0.9225647851384287,0.15427684849867745,8,"[0, 1]",Paola,104.09544,87.18315,18.75615,53.250618,98.3665,85.753,75.07634,88.5007,84.27896,26.662115,False,2,3
299,0.9151883717100772,0.16559673720974136,9,"[0, 1]",Paola,67.32094,33.487232,107.14029,84.57477,104.09111,86.33383,104.0571,94.91589,56.713097,50.255398,False,2,3
300,0.91483864788164,0.1603037255930476,10,"[0, 1]",Paola,57.35488,34.214256,55.881313,74.68794,74.539825,103.66205,68.186005,84.42569,79.52438,42.646244,False,2,3
301,0.9120285990365653,0.16505198537518118,11,"[0, 1]",Paola,85.201355,74.1416,65.89215,62.256252,101.78087,130.2381,64.74592,52.048084,50.338867,80.90581,False,2,3
302,0.960071367546879,0.0753346084087252,0,"[0, 1]",Paola,111.04434,83.762085,90.63977,93.558975,88.13255,36.801407,67.76836,88.25282,63.022213,24.38205,False,2,4
303,0.9261608558288407,0.11388172059836328,1,"[0, 1]",Paola,134.41982,71.15863,56.816433,81.252235,100.63979,87.22007,28.236618,53.21066,50.60169,57.63268,False,2,2
304,0.9496403446643008,0.0872788720521395,2,"[0, 1]",Paola,30.418417,42.256363,55.59763,20.074604,84.56161,59.613438,70.63311,56.944115,54.14739,39.02681,False,2,4
305,0.9627189126919627,0.07246172625457736,3,"[0, 1]",Paola,115.70027,81.84524,47.237595,121.84508,104.630165,66.92102,29.344318,59.70715,88.63974,60.630512,False,2,4
306,0.9542088996018359,0.0880685897531549,4,"[0, 1]",Paola,127.12206,128.75015,62.731857,83.79013,86.69269,76.97365,89.00581,69.795715,69.70833,41.151966,False,2,4
307,0.9121540485448743,0.12296040008816173,5,"[0, 1]",Paola,107.7108,40.052998,40.303925,50.82998,95.82172,45.16787,56.22318,43.10822,34.922054,24.61419,False,2,2
308,0.9672675113601656,0.06870831099976873,6,"[0, 1]",Paola,70.74498,136.99626,115.89829,65.046295,100.05003,59.679386,51.821102,67.335304,51.810795,42.22855,False,2,4
309,0.9382826199380548,0.10675322842232443,7,"[0, 1]",Paola,86.79564,74.97408,60.65923,53.326077,101.10927,47.18982,75.45066,108.57898,63.330387,47.107685,False,2,2
310,0.9314389833056278,0.10054257837920709,8,"[0, 1]",Paola,107.6853,54.650124,50.39529,18.825819,94.50951,63.80035,45.252155,70.903534,55.50115,76.3643,False,2,2
311,0.9577219178922223,0.08021886247467497,9,"[0, 1]",Paola,82.0733,118.238045,135.51782,85.99203,61.531303,78.38367,50.53601,68.167114,33.094402,86.49773,False,2,4
312,0.9435929837290103,0.09843312529395021,10,"[0, 1]",Paola,122.40628,102.076355,118.62518,106.075035,51.67143,109.34187,57.32875,52.256016,39.779243,63.735706,False,2,2
313,0.796738052981932,0.20462447291246597,11,"[0, 1]",Paola,87.063354,72.418884,71.28319,107.92312,116.6774,72.20866,24.87525,65.41688,74.74377,52.199543,False,2,5
314,0.9645875058979853,0.07200209321215761,12,"[0, 1]",Paola,38.445408,74.22868,88.88814,38.440662,68.73663,51.006626,65.56141,61.331856,58.56119,30.98767,False,2,4
315,0.9623542147756862,0.07563352568979541,13,"[0, 1]",Paola,27.945257,70.74983,94.82207,113.363205,103.82644,52.903454,63.774757,45.199608,85.5842,34.10121,False,2,4
316,0.9453532619754297,0.0978548883456719,14,"[0, 1]",Paola,104.77873,11.1993475,76.154045,100.44879,135.10706,68.22778,84.94172,56.321964,42.509365,16.867304,False,2,2
317,0.9485539461614185,0.0870210412455672,15,"[0, 1]",Paola,82.0436,29.273592,7.362076,33.77016,103.97717,43.098644,43.2752,66.75527,93.0794,36.139957,False,-1,4
318,0.9626508027596627,0.07453045493778758,16,"[0, 1]",Paola,113.88088,139.25383,85.037994,81.26077,112.01269,69.12571,15.880664,89.36544,81.6701,43.81797,False,2,4
319,0.9225007803522902,0.11630357504191952,17,"[0, 1]",Paola,108.560394,84.6694,64.63455,81.02333,58.63232,66.08656,48.66724,100.50246,10.305801,42.501755,False,2,2
320,0.9120347501638432,0.1514590640510444,0,"[1, 0]",Paola,45.545055,38.44977,21.398264,32.078995,149.61067,129.99245,67.587326,133.12749,99.479065,69.321106,True,0,7
321,0.9430385841411919,0.10899454239489419,1,"[1, 0]",Paola,50.188988,37.947857,36.75464,42.173527,134.31783,76.33482,81.368195,130.4578,76.169205,57.044987,True,0,2
322,0.9230431257882682,0.14098448190673443,2,"[1, 0]",Paola,53.574177,46.911896,36.971348,39.953903,138.4205,114.73535,116.52268,112.65878,56.11226,56.042927,True,0,7
323,0.9286423336763355,0.13343420320166763,3,"[1, 0]",Paola,50.71324,30.036707,21.176275,54.13738,122.73375,83.491104,111.60986,103.14969,101.1733,44.664883,True,0,6
324,0.9358601533533737,0.11540094428320381,4,"[1, 0]",Paola,49.575825,42.855267,22.306892,18.846296,119.567825,76.94277,128.76552,142.45445,83.063675,51.209274,True,0,8
325,0.9214481404728073,0.12838306659597326,5,"[1, 0]",Paola,46.796116,37.55953,42.76735,43.752823,144.00145,79.97459,72.84542,115.25387,87.96173,63.359287,True,0,0
326,0.8528831906732428,0.18553426088682076,6,"[1, 0]",Paola,54.57097,47.763485,38.963554,21.85257,117.07486,52.582424,96.832726,81.0029,73.13122,56.364082,True,-1,1
327,0.9176766955486171,0.14953687118170972,7,"[1, 0]",Paola,29.16373,30.060759,42.68986,41.606846,130.05875,99.75422,94.18222,102.53106,85.67386,55.794437,True,0,7
328,0.9379560192083294,0.11524389980621266,8,"[1, 0]",Paola,41.561306,57.152298,25.541937,30.210993,120.95945,86.60319,62.32716,108.32262,62.946857,62.279293,True,0,8
329,0.9171886991622905,0.13320729785156332,9,"[1, 0]",Paola,43.915245,48.71358,25.491499,24.74397,182.64867,83.59713,104.94038,86.08849,74.56755,57.06249,True,0,0
330,0.9418865916149964,0.1075906229848019,10,"[1, 0]",Paola,33.193745,39.91837,37.135063,25.046745,130.65009,147.78299,71.31645,120.231705,71.597984,76.10165,True,0,2
331,0.9152766105502588,0.15077057298734078,11,"[1, 0]",Paola,50.529232,35.61189,22.102448,33.920155,149.20744,85.74107,82.61455,97.655846,48.175556,50.852222,True,0,7
332,0.9231450441574106,0.1415062894739949,12,"[1, 0]",Paola,35.2366,24.672192,27.876738,17.516926,155.82774,92.86976,68.92264,117.9068,72.34868,81.08982,True,0,7
333,0.928690990449206,0.12358877517388892,13,"[1, 0]",Paola,39.937428,31.491037,34.671497,28.685251,107.81327,134.81818,136.5401,75.15274,61.35973,50.659252,True,0,0
334,0.939129707483367,0.11244492623966075,14,"[1, 0]",Paola,48.18156,26.919992,21.971102,29.643095,137.29141,72.85412,121.07741,109.35377,64.368866,47.6393,True,0,8
335,0.9127199865406894,0.15251802874676998,15,"[1, 0]",Paola,26.921736,27.158741,45.94746,40.280415,84.777176,153.64337,127.46039,94.98999,80.87473,79.46745,True,0,7
336,0.931005544486778,0.1279946369844264,16,"[1, 0]",Paola,40.031586,30.754599,22.456816,22.332865,122.74533,88.83129,85.56683,79.036804,83.978035,61.77017,True,0,6
337,0.9282412827089707,0.12161622485038898,17,"[1, 0]",Paola,33.044437,29.42131,46.051174,33.44106,134.55907,110.680885,147.59825,112.21456,71.423805,41.551052,True,0,0
338,0.8220032294286054,0.2183028821552681,0,"[0, 1]",Paola,79.352066,69.84315,70.60945,91.297935,116.75508,32.552654,69.67075,70.75723,66.36833,33.736164,False,2,5
339,0.8567276396810773,0.18614584055430625,1,"[0, 1]",Paola,96.85655,91.13766,92.9301,85.519264,102.059364,63.15562,119.07994,125.7357,67.558586,66.80943,False,2,1
340,0.8559919197677038,0.19400042186485666,2,"[0, 1]",Paola,86.71359,90.20208,65.261215,66.99413,77.21197,122.31784,137.39015,60.558846,61.18421,46.98756,False,2,5
341,0.8956897629265553,0.1598913251648537,3,"[0, 1]",Paola,110.00351,148.98094,19.924498,103.19119,90.04109,40.832146,67.604744,69.806854,59.75105,49.456966,False,2,1
342,0.8752466373278136,0.1664075561775014,4,"[0, 1]",Paola,116.72551,81.97634,112.57492,126.93048,94.10579,74.5211,110.7422,58.069405,66.99425,80.83308,False,2,1
343,0.8459762964410142,0.20047167608467215,5,"[0, 1]",Paola,117.20204,101.57257,82.39403,57.52224,103.525314,62.884197,81.82732,48.20741,104.34179,36.927174,False,2,5
344,0.7864395442390987,0.22989184170179572,6,"[0, 1]",Paola,98.84684,74.65118,67.13429,99.85575,94.910324,81.62645,103.050545,68.95439,79.40996,75.091034,False,2,5
345,0.8258170703891644,0.21750763336502912,7,"[0, 1]",Paola,75.78106,106.85192,64.277756,58.62766,102.55993,74.68405,86.4503,68.16625,75.69379,39.375507,False,2,5
346,0.8270895834433697,0.2130220252589508,8,"[0, 1]",Paola,135.76604,84.418335,92.50758,86.20513,139.26823,90.69829,83.67283,58.220356,61.17684,22.683826,False,2,5
347,0.8906468813752825,0.15951608043646928,9,"[0, 1]",Paola,111.602554,106.75142,100.54433,76.110825,113.30913,92.38899,70.645035,70.34296,72.830246,53.46829,False,2,1
348,0.8583730856466764,0.19219026483989882,10,"[0, 1]",Paola,96.13441,69.73383,107.27996,71.12722,88.355804,61.98273,73.58331,80.42794,77.45648,63.93689,False,2,5
349,0.861954037478951,0.18809185980336637,11,"[0, 1]",Paola,91.36104,93.33618,140.29692,99.35581,111.991005,67.81024,55.03055,83.66186,70.15522,46.77443,False,2,5
350,0.8679554109956382,0.17789593987204652,12,"[0, 1]",Paola,64.865875,86.51564,88.309494,93.32945,87.433426,112.3537,83.23352,81.80005,93.624466,86.340454,False,2,1
351,0.9050194621502767,0.14729118784609452,13,"[0, 1]",Paola,111.167206,44.818882,69.79169,80.846954,167.13962,42.72681,99.19864,115.787155,72.739426,38.623993,False,1,1
352,0.8721500202024766,0.17144832824333042,14,"[0, 1]",Paola,97.03555,76.811066,124.97836,93.48547,75.368546,120.027695,83.23462,91.748886,80.19743,58.24129,False,2,1
353,0.8666811845035178,0.17630642619673023,15,"[0, 1]",Paola,117.72143,85.6814,113.8309,98.47177,96.25017,119.64566,85.77462,68.953415,83.34472,78.71325,False,2,1
354,0.8955414322213293,0.1580051713371291,16,"[0, 1]",Paola,128.6081,124.97421,107.25062,79.15858,68.71986,79.51514,86.28006,62.02346,27.832754,36.670063,False,2,1
355,0.8292568435717673,0.21513433526833523,17,"[0, 1]",Paola,121.70012,91.30185,73.18815,47.91825,99.402664,76.80583,103.42446,40.96061,64.42741,73.266754,False,2,5
356,0.9285828155033269,0.12964567918234238,0,"[1, 0]",Paola,18.388987,4.7562456,8.501806,20.125736,153.60521,97.06967,142.10548,113.752945,53.271534,27.89119,True,0,6
357,0.9286452169501861,0.126257025657895,1,"[1, 0]",Paola,27.696478,18.42428,10.884061,32.451733,198.17929,166.1498,166.49693,111.33626,57.13249,39.264328,True,0,0
358,0.9298591445511172,0.12607685132777327,2,"[1, 0]",Paola,33.98269,13.8323,4.1772327,8.194752,171.97554,143.36148,139.35455,148.1632,60.57076,39.24909,True,0,0
359,0.9235436562960809,0.13391545229692897,3,"[1, 0]",Paola,22.059444,8.50663,16.150354,-3.3183568,155.41023,92.10193,145.25725,146.97026,47.942078,49.82977,True,0,0
360,0.9118143547173493,0.1460395627034328,4,"[1, 0]",Paola,33.195583,8.08102,9.769155,0.49980444,178.06712,161.37296,142.07715,141.82587,72.05213,38.705692,True,0,7
361,0.9260354536614813,0.13241789248481275,5,"[1, 0]",Paola,22.992891,7.142349,10.676073,2.4980514,156.92278,147.79234,133.28038,118.56681,58.56795,35.974964,True,0,0
362,0.9282151278423504,0.1299784023818932,6,"[1, 0]",Paola,22.632456,8.698161,17.25054,17.437298,173.09505,135.42877,139.61356,172.50975,53.704533,47.324238,True,0,6
363,0.9305721774214284,0.1256023840285972,7,"[1, 0]",Paola,13.525053,14.421582,10.9489765,10.631333,142.74492,158.5216,150.47603,156.82231,70.70206,54.425533,True,0,0
364,0.9286890138428198,0.12786776987647916,8,"[1, 0]",Paola,13.369122,7.5563993,25.943611,9.374192,169.2599,152.88568,98.47998,179.58919,35.272396,36.648766,True,0,0
365,0.9261843856367087,0.13117587751934903,9,"[1, 0]",Paola,17.792574,14.380089,17.482609,8.984452,188.90776,72.16745,125.770935,178.82866,60.997707,35.527496,True,0,0
366,0.9283573060273357,0.1289010345729353,10,"[1, 0]",Paola,42.339596,-1.9829829,8.568361,2.8145552,184.27155,72.16925,171.3287,128.26302,51.392193,37.868015,True,0,0
367,0.9261760761784998,0.1313960525924753,11,"[1, 0]",Paola,36.183086,6.19277,9.276283,5.229161,175.75934,93.60197,120.846176,100.729904,64.458725,35.175236,True,0,0
368,0.8822637358312923,0.1645158322900302,12,"[1, 0]",Paola,18.877344,9.182382,14.263063,0.46954036,151.16272,134.28716,120.263596,142.66211,59.399166,36.63976,True,0,1
369,0.8563469067417543,0.17613459104538187,13,"[1, 0]",Paola,25.089943,15.529818,15.722194,7.9181767,167.48534,108.405235,121.83439,70.38685,65.414665,61.213306,True,0,1
370,0.8960363221744387,0.15502618082199773,14,"[1, 0]",Paola,38.279133,16.453579,13.503173,18.564396,137.5313,143.12926,111.52302,156.6751,41.60272,41.768116,True,0,1
371,0.7829798492205267,0.21376079639519777,15,"[1, 0]",Paola,23.278257,12.175226,24.814648,13.335372,125.47566,148.97151,139.57701,107.12655,39.885044,28.0973,True,0,5
372,0.8166661195091531,0.19817291711331297,16,"[1, 0]",Paola,14.96486,17.002497,20.268965,30.812338,189.10463,88.458954,119.964096,176.19814,54.0744,27.576237,True,0,5
373,0.9280893336063298,0.12864358060190384,17,"[1, 0]",Paola,22.755234,20.32493,3.9442933,-0.174993,175.8805,161.38234,120.59158,162.49602,61.409203,34.97106,True,0,0
374,0.9585678045704524,0.0768081116383681,0,"[0, 1]",Paola,61.403347,48.94224,87.59822,49.56724,90.48236,99.006195,64.71185,82.276566,42.12144,17.1285,False,2,4
375,0.9556327385203807,0.08008661274356478,1,"[0, 1]",Paola,82.693665,69.733635,37.904045,42.916576,100.2492,76.51966,79.74242,59.468338,55.854107,45.80557,False,2,4
376,0.9534765442008647,0.0858231830719944,2,"[0, 1]",Paola,61.1291,93.39318,68.13796,79.73586,79.03058,85.60271,78.00032,92.89434,52.153347,26.649542,False,2,4
377,0.9517195555483126,0.0862125857799517,3,"[0, 1]",Paola,71.115616,90.34383,57.832676,21.53702,94.81126,41.449398,67.65909,96.54027,36.855457,9.31471,False,2,4
378,0.9584689612435943,0.08146249527159052,4,"[0, 1]",Paola,71.945435,47.482815,79.54203,55.84231,75.76754,61.582436,81.725555,66.17034,43.589893,2.9160795,False,2,4
379,0.9532864523550286,0.08494803340842584,5,"[0, 1]",Paola,60.367657,46.350014,37.711445,29.968147,57.116474,104.85753,76.951744,72.74216,24.772291,16.90244,False,2,4
380,0.95631680867289,0.0824201323141078,6,"[0, 1]",Paola,63.335567,26.665852,46.1757,48.9744,88.97286,68.10192,40.539967,102.65924,25.737242,16.268293,False,2,4
381,0.9542038448236176,0.08295507064381957,7,"[0, 1]",Paola,96.09622,92.3374,23.601252,46.170494,92.25956,89.61546,18.858624,101.79715,26.53196,37.10404,False,2,4
382,0.9444984637396888,0.09553432937281482,8,"[0, 1]",Paola,94.23241,82.677925,27.303373,45.58114,110.49707,78.18061,43.97019,68.99714,46.292423,4.9336653,False,2,2
383,0.9570975416531237,0.08077503906369206,9,"[0, 1]",Paola,51.22238,47.11829,30.437674,61.394165,95.92527,75.55771,65.774055,105.84581,58.130417,0.51877457,False,2,4
384,0.9095139389960525,0.12275531233230715,10,"[0, 1]",Paola,66.00184,73.3219,79.8786,57.682995,70.089005,86.55778,89.03807,72.45239,27.758036,20.998657,False,2,2
385,0.955122545781212,0.08057141009274742,11,"[0, 1]",Paola,121.99388,75.3573,36.2014,56.9669,79.88005,66.41816,62.482643,83.50029,43.580044,19.606924,False,2,4
386,0.9330890395277907,0.1056077819275044,12,"[0, 1]",Paola,100.47352,68.50297,53.800755,78.829895,102.8878,76.64023,74.21159,54.459873,70.18012,20.709583,False,2,2
387,0.9397796829563997,0.09845584146038293,13,"[0, 1]",Paola,73.63454,59.463543,46.440395,45.28042,100.5613,92.88156,75.05059,58.245655,53.568478,21.568157,False,2,2
388,0.9564540757200501,0.0803482779378709,14,"[0, 1]",Paola,49.24629,23.252409,51.033756,17.402796,62.13166,105.254364,77.19579,80.10932,29.12001,30.35361,False,2,4
389,0.9617775110921678,0.07312660216976369,15,"[0, 1]",Paola,101.85066,78.95888,59.6235,70.39545,109.53634,40.207302,74.013695,80.3445,40.0363,28.10473,False,2,4
390,0.9341047028327792,0.10676475802501272,16,"[0, 1]",Paola,48.024967,32.270397,66.9772,21.644201,91.88701,31.867588,85.719345,59.093784,51.361965,27.371962,False,2,2
391,0.9543553575746347,0.08337089146572188,17,"[0, 1]",Paola,77.48917,35.88336,69.52779,33.00975,137.9427,70.070496,81.489624,60.599735,65.161224,6.3804936,False,2,4
392,0.9317261562259745,0.1290755740016335,0,"[1, 0]",Paola,41.83912,34.917225,36.231186,22.724003,127.448586,60.859707,113.51732,102.134155,101.21565,17.118567,True,-1,6
393,0.9310996525357025,0.13242513007435272,1,"[1, 0]",Paola,50.43623,14.775199,21.672316,8.793784,121.930984,110.524796,110.64816,106.987404,57.643154,58.293556,True,0,6
394,0.9332321749327452,0.12715421330705629,2,"[1, 0]",Paola,56.001293,40.60294,15.40016,28.68233,154.90132,108.857346,68.36399,152.549,118.79877,38.040764,True,0,6
395,0.9301055010529775,0.133699689288667,3,"[1, 0]",Paola,43.158745,48.72536,22.782038,56.579952,153.2122,124.63358,85.13133,113.9637,82.70094,14.022911,True,0,6
396,0.93121963993084,0.13258385600475248,4,"[1, 0]",Paola,27.331308,26.872343,29.531141,18.05865,100.32017,89.88997,118.45946,104.5981,81.90518,58.797405,True,0,6
397,0.9260307882505011,0.14026292404152374,5,"[1, 0]",Paola,43.151463,19.73269,27.164625,5.054155,141.96884,127.76306,127.574936,98.78927,89.56859,68.07361,True,0,7
398,0.9304720560196651,0.13232335042040272,6,"[1, 0]",Paola,31.24908,23.60017,26.439713,30.99677,128.8132,90.54119,113.55052,108.008026,90.08472,48.412716,True,0,6
399,0.9322331540147002,0.13150610276867425,7,"[1, 0]",Paola,19.069895,21.709276,33.6727,29.283323,145.07568,117.715866,43.683132,104.63672,80.28895,63.88082,True,0,6
400,0.930542216208862,0.13286647374200236,8,"[1, 0]",Paola,16.981892,10.883784,28.4248,31.334154,107.64046,74.051315,176.23547,84.9997,45.307594,68.96994,True,0,6
401,0.9272950291905847,0.13806442066130933,9,"[1, 0]",Paola,35.006763,15.167567,22.318941,22.690538,88.80389,123.23035,101.98513,101.85212,49.45702,60.80893,True,0,7
402,0.9347701711600672,0.1267613582881086,10,"[1, 0]",Paola,40.506145,10.224239,31.552074,22.466978,148.25484,81.92759,119.58129,101.79672,64.457306,40.499454,True,0,6
403,0.9273321054313155,0.13677888552666326,11,"[1, 0]",Paola,29.088339,33.919197,0.11482175,20.804983,154.91754,138.66833,153.48395,62.95008,49.243023,61.988316,True,0,7
404,0.9269017966797659,0.1387686072349817,12,"[1, 0]",Paola,43.586975,20.731113,25.376083,16.03897,140.44188,91.191986,102.733406,66.486725,118.42796,56.4845,True,0,7
405,0.933223763233666,0.128499320219386,13,"[1, 0]",Paola,40.63838,12.424648,34.196655,28.720842,147.85143,109.99993,133.02422,120.072,79.56685,83.00751,True,0,6
406,0.9272182655787917,0.13824228038401726,14,"[1, 0]",Paola,44.284775,45.74914,34.84271,12.376045,109.17916,95.40884,115.43719,86.28082,82.67603,16.458437,True,0,7
407,0.9274716554240908,0.1372335628001447,15,"[1, 0]",Paola,38.940186,22.065987,30.905157,18.508007,153.55432,82.9399,112.94388,109.54192,73.035446,79.307014,True,0,7
408,0.9272784119562454,0.1377717366833659,16,"[1, 0]",Paola,29.187708,10.76822,5.7606854,33.744614,157.73514,103.93472,73.344574,140.8702,82.14145,60.864143,True,0,7
409,0.9293631569148629,0.13618387191154183,17,"[1, 0]",Paola,31.162659,14.772916,25.252483,23.45004,155.2773,105.69063,107.214615,114.867966,110.71165,56.636967,True,0,7
410,0.9245459147165251,0.1500213197655733,0,"[0, 1]",Paola,66.23755,62.613064,40.68015,47.584755,123.80883,75.20464,88.52956,55.430584,68.68579,54.179394,False,2,3
411,0.9115905666573578,0.16790984254667546,1,"[0, 1]",Paola,47.70799,55.116276,76.47036,89.91983,108.77957,64.40732,72.82511,70.89482,76.24407,78.39972,False,2,3
412,0.9264178594890197,0.1467554311096584,2,"[0, 1]",Paola,61.99088,49.983578,91.25729,19.216213,104.72705,102.23426,124.23963,30.48397,56.3678,56.995853,False,-1,3
413,0.9241400807210077,0.14990207709981035,3,"[0, 1]",Paola,97.49121,44.713593,53.213253,36.86781,106.44652,78.858894,70.182396,70.85423,90.6271,37.322342,False,2,3
414,0.8846107362228005,0.18238907357955772,4,"[0, 1]",Paola,54.83015,70.19374,64.92054,101.109055,72.952095,91.57791,55.977566,109.34883,55.517826,54.565197,False,2,1
415,0.9225891682671451,0.1452488391324977,5,"[0, 1]",Paola,100.21651,85.515366,14.795943,76.36864,89.96881,80.83066,78.9774,112.62538,58.54934,51.629417,False,2,3
416,0.9314368336154604,0.13751969669605776,6,"[0, 1]",Paola,111.1539,65.76121,45.282864,44.613075,108.016815,75.52924,102.86824,94.086975,117.311424,72.78613,False,2,7
417,0.9182707786560046,0.1599993235547098,7,"[0, 1]",Paola,57.72453,44.10059,95.29555,67.53206,106.28374,76.160774,86.55124,58.713326,82.48528,11.154174,False,2,3
418,0.9096930063472988,0.17699320433272792,8,"[0, 1]",Paola,75.08452,70.76399,45.78848,67.6272,92.64744,86.72916,98.28527,63.91593,52.52355,43.28073,False,2,3
419,0.9209851612414506,0.15566694765808806,9,"[0, 1]",Paola,86.64637,84.32049,54.41239,29.635391,107.284874,125.67874,40.715805,80.95971,79.910545,94.61897,False,2,3
420,0.9236962345023774,0.13379728940966773,0,"[1, 0]",Paola,33.73868,28.687279,24.287844,27.531212,137.79973,92.616615,119.88039,158.55096,57.188763,27.626505,True,0,0
421,0.929869912021841,0.12571260729228742,1,"[1, 0]",Paola,46.26506,25.44753,31.610785,46.671867,115.817795,145.71478,145.79771,117.90325,50.40235,34.722797,True,0,0
422,0.9272826723799756,0.12918742131285954,2,"[1, 0]",Paola,71.54646,23.411268,15.791782,24.383429,191.44705,160.81187,128.41385,140.58913,55.166317,33.90265,True,0,0
423,0.9274092894139736,0.12920637238608823,3,"[1, 0]",Paola,38.362736,16.790005,36.554134,26.567669,96.342,78.91329,155.55983,149.1786,39.173252,27.00675,True,0,0
424,0.9288295597177044,0.12579019205374178,4,"[1, 0]",Paola,58.718166,20.907211,40.918766,32.1142,177.05193,72.25386,139.94398,118.055885,48.056316,21.051874,True,0,0
425,0.9287348704408592,0.12659193694593443,5,"[1, 0]",Paola,43.400623,35.5992,19.699898,30.104883,132.08905,137.43314,111.4439,121.28776,33.665997,22.337805,True,0,0
426,0.9283108721917929,0.12653103338917304,6,"[1, 0]",Paola,38.803738,56.017773,24.528315,26.249752,166.8776,165.84386,112.53798,136.26001,55.331966,24.18913,True,0,0
427,0.9422885073627045,0.10706183451088844,7,"[1, 0]",Paola,30.283157,16.646786,41.059666,29.357378,153.30481,125.36271,114.91258,156.09557,37.726902,31.44043,True,0,2
428,0.933853867200937,0.12014401228542203,8,"[1, 0]",Paola,46.897797,21.615646,49.30318,27.139545,149.85504,87.71827,165.42906,123.06757,55.328205,22.884195,True,0,0
429,0.9284350550838669,0.12636235253904687,9,"[1, 0]",Paola,48.927532,15.823093,34.899754,29.220839,114.8419,137.8628,130.43674,142.54163,43.757656,16.433834,True,0,0
430,0.9265884585177435,0.12977474786644486,10,"[1, 0]",Paola,40.746,32.88218,22.725906,27.085348,170.91133,145.75467,139.79129,126.85194,41.928837,39.81824,True,0,0
431,0.9182020534866299,0.13917962085838423,11,"[1, 0]",Paola,35.37008,20.857414,23.94282,34.719204,128.97128,101.77662,147.4556,121.51225,47.33674,32.504776,True,0,7
432,0.9269112031996147,0.12902709757578137,12,"[1, 0]",Paola,48.060772,47.798206,19.802277,22.477505,154.08392,135.18074,104.38049,119.34575,52.127186,25.853779,True,0,0
433,0.925926639042371,0.12980649450160325,13,"[1, 0]",Paola,46.01813,29.317497,28.23131,39.192745,158.15839,128.26285,88.806564,138.87886,46.23552,35.476093,True,0,0
434,0.9222040249893118,0.13502856072651095,14,"[1, 0]",Paola,35.50666,34.148235,31.96931,35.640858,136.24496,143.76436,97.61421,138.11397,51.93874,37.608166,True,0,0
435,0.9241846006401305,0.13245001351490296,15,"[1, 0]",Paola,41.229992,43.34365,27.232992,44.45446,138.30579,135.41258,135.17726,111.232025,39.21311,22.257874,True,0,0
436,0.930954634215707,0.12374062204791737,16,"[1, 0]",Paola,41.999294,26.009867,25.670053,32.11936,149.22191,87.56897,131.10785,116.68285,35.084408,27.702658,True,0,0
437,0.9284915080800059,0.127783920835544,17,"[1, 0]",Paola,34.22645,23.664019,28.39283,33.112923,113.69388,127.4188,113.512245,126.7742,48.954178,58.63751,True,0,0
438,0.9170581181201187,0.14369393879969802,0,"[1, 0]",Paola,65.25535,37.546047,14.287804,16.715635,130.56708,169.48369,164.34627,112.048965,53.491375,34.98332,True,0,7
439,0.9207370742337923,0.13834850807457127,1,"[1, 0]",Paola,42.370007,37.576073,82.83986,38.837032,185.70503,129.22005,165.43694,88.423676,46.082867,42.774487,True,0,7
440,0.9207972879542885,0.13847569085902478,2,"[1, 0]",Paola,55.70606,7.1623373,45.587814,18.711565,144.99663,199.65543,164.40367,133.28752,59.206192,30.378904,True,0,7
441,0.9158113287438208,0.1449265090104627,3,"[1, 0]",Paola,38.028088,55.56345,66.29849,58.380363,131.32805,177.53658,142.57124,128.48329,50.86047,21.781359,True,0,7
442,0.9164637240017842,0.14440907897452077,4,"[1, 0]",Paola,35.655586,43.322376,35.661945,11.238007,162.99208,154.94615,112.589554,140.91347,54.751595,33.713474,True,0,7
443,0.918725718856869,0.14150567772274467,5,"[1, 0]",Paola,43.189915,18.251245,29.043053,48.93102,181.224,158.30823,155.70296,134.42146,41.733006,27.756365,True,0,7
444,0.9201994829777602,0.1391128797778904,6,"[1, 0]",Paola,52.25828,27.095306,29.72531,52.25253,192.05022,124.54018,159.22733,155.85216,45.157017,28.303804,True,0,7
445,0.9148834015053168,0.1464978047733575,7,"[1, 0]",Paola,45.334583,44.727287,28.44352,24.237228,174.12698,126.29538,122.57991,185.4194,51.68601,35.85323,True,0,7
446,0.9210777094270113,0.13664946126659264,8,"[1, 0]",Paola,45.92734,33.108433,34.61354,31.512075,148.9701,149.19846,73.08068,195.01013,48.05878,36.95103,True,0,7
447,0.9182431178101212,0.14141250971622688,9,"[1, 0]",Paola,46.02312,17.787432,32.952736,28.176588,154.87096,124.60989,156.458,150.95335,45.72692,28.740244,True,0,7
448,0.9171192458570591,0.14448902740078995,10,"[1, 0]",Paola,65.91184,55.172062,21.978952,37.24533,184.49283,145.45891,138.85292,181.62315,41.730587,33.708347,True,0,7
449,0.9134429549288966,0.1483971584654038,11,"[1, 0]",Paola,31.156424,23.570185,8.862525,64.14455,174.22386,86.82365,82.2265,158.68846,55.667904,27.41969,True,0,7
450,0.914690461134884,0.14676194788748115,12,"[1, 0]",Paola,37.597294,17.268606,28.084047,13.559349,163.1782,168.37267,148.29552,108.46579,52.70696,30.479696,True,0,7
451,0.9153924183797967,0.14607368227901824,13,"[1, 0]",Paola,50.57873,26.14914,54.599186,30.457197,193.1566,148.03447,174.14067,134.26646,46.607327,24.740969,True,0,7
452,0.9194987676142659,0.14112093174476187,14,"[1, 0]",Paola,36.310097,75.399994,25.519636,46.96647,157.98773,136.76909,145.01068,192.65422,37.45824,31.283743,True,0,7
453,0.9147681351559596,0.14595231786336751,15,"[1, 0]",Paola,43.64958,28.160734,7.759071,16.690426,166.68016,130.8564,175.94977,146.15327,48.100742,37.736145,True,0,7
454,0.9143487836120548,0.14810534619130472,16,"[1, 0]",Paola,44.529472,64.01655,21.385265,26.615772,178.39517,196.2105,179.39412,155.11636,57.45949,31.318142,True,0,7
455,0.9151772844665979,0.1458316080961235,17,"[1, 0]",Paola,59.256878,43.075115,19.212603,22.180777,165.33694,144.97697,138.72536,161.19633,45.312695,44.636528,True,0,7
456,0.9248594048539995,0.1077431918563378,0,"[0, 1]",Paola,139.52428,157.83974,52.83459,73.97316,59.843647,37.70611,62.064846,84.26713,30.549097,16.410336,False,2,2
457,0.9638062488386406,0.07304816063394533,1,"[0, 1]",Paola,109.4943,53.645916,63.74818,68.89254,25.750912,53.652187,77.381424,80.15873,38.15299,14.923015,False,2,4
458,0.9294980707984078,0.11709349008117793,2,"[0, 1]",Paola,81.64533,44.134743,64.73736,19.955462,108.93446,70.6422,48.725883,43.78242,48.262432,-0.4836313,False,2,0
459,0.929044890587624,0.10750209383016443,3,"[0, 1]",Paola,14.488033,36.307552,66.04742,80.55828,89.559265,19.802237,88.987175,70.54774,47.92262,21.81418,False,2,2
460,0.931261933643325,0.10359949577131222,4,"[0, 1]",Paola,114.5318,-11.747692,61.58653,72.612885,70.14363,61.1461,76.02813,58.86867,51.55499,50.84817,False,2,2
461,0.9442707446146564,0.09762724274528116,5,"[0, 1]",Paola,80.40468,98.12315,22.300398,47.015026,81.29711,63.251755,80.77987,83.694305,70.07469,39.90508,False,2,2
462,0.8519333370516221,0.1632343363269479,6,"[0, 1]",Paola,50.47334,11.636176,11.472901,31.392319,60.178112,56.132008,57.22344,108.31707,55.037453,22.770138,False,2,1
463,0.9522134278086287,0.07879366817119826,7,"[0, 1]",Paola,61.756767,64.94043,142.29468,125.88339,94.54392,89.98541,46.898167,69.373695,63.42205,49.93616,False,2,4
464,0.9540912381016928,0.0815483543444967,8,"[0, 1]",Paola,88.2099,74.778076,85.54193,166.07042,68.08399,108.790596,69.2474,80.59084,54.57934,20.926754,False,2,4
465,0.9376809818201807,0.09970952209342025,9,"[0, 1]",Paola,92.57014,159.3954,149.14545,133.56537,70.020294,89.64314,79.7946,49.77421,15.293131,55.94579,False,2,2
466,0.9639275532957061,0.06999752425156605,10,"[0, 1]",Paola,86.70242,114.38176,27.360533,83.31497,111.36601,61.3022,46.55246,72.70119,77.85062,22.587778,False,2,4
467,0.9202023482281777,0.11284069548405996,11,"[0, 1]",Paola,65.6346,64.26612,16.196554,8.621496,65.33882,69.66514,60.770245,55.423447,53.017345,31.69071,False,2,2
468,0.9527841781929218,0.08467277100096345,12,"[0, 1]",Paola,75.47098,121.894714,117.996826,141.42369,26.603277,48.506702,46.322437,79.86252,39.229626,11.405849,False,2,4
469,0.9549980091322265,0.08406135979805597,13,"[0, 1]",Paola,107.22322,132.37381,127.69486,145.90346,70.837715,63.03513,30.74468,59.839855,58.26685,24.458326,False,2,4
470,0.9617710770075303,0.07655842029815099,14,"[0, 1]",Paola,167.07776,154.93167,112.917595,74.407845,57.41885,59.511944,47.444126,87.13936,22.141443,26.23681,False,2,4
471,0.962077773106206,0.07465196556347745,15,"[0, 1]",Paola,126.252106,120.79013,118.29058,81.742775,82.78961,80.62304,81.10023,66.324585,44.507366,41.514862,False,2,4
472,0.9597485002888755,0.07858938108210807,16,"[0, 1]",Paola,53.99787,67.92967,56.80377,45.126026,113.83723,84.989655,95.77339,67.18839,54.990925,31.80054,False,2,4
473,0.7851206948778707,0.18985205730129837,17,"[0, 1]",Paola,123.43797,128.53354,96.67617,56.916172,85.76706,76.926544,64.90145,42.96867,66.435715,50.108852,False,2,5
474,0.9302367981814016,0.13322944304122733,0,"[1, 0]",Paola,40.85298,32.368843,27.095222,19.687172,105.19885,138.24841,109.37067,105.0061,42.23711,82.83154,True,0,6
475,0.9301672964498962,0.13328800040819697,1,"[1, 0]",Paola,33.662548,27.278265,22.972425,28.262234,102.45232,79.98881,138.82076,122.258484,65.25053,52.983257,True,0,6
476,0.9258601737249822,0.13994983476341463,2,"[1, 0]",Paola,35.230293,28.4685,25.61138,26.955723,84.43462,134.22319,126.07084,133.47018,29.140966,64.16863,True,0,7
477,0.9280494090337862,0.1359726158151457,3,"[1, 0]",Paola,47.91094,15.579318,39.251232,9.789187,126.5366,113.260574,106.0769,93.836,87.63422,42.017185,True,0,7
478,0.9264201501817139,0.1354563636040341,4,"[1, 0]",Paola,46.26414,15.407011,21.411394,29.804121,163.99355,102.37796,123.11694,104.39815,85.391266,36.15982,True,0,6
479,0.9277937519582126,0.13616305649539395,5,"[1, 0]",Paola,52.148067,13.713143,25.69335,18.48308,109.16589,114.936455,119.047455,83.50013,61.460823,27.300783,True,0,7
480,0.9234939373141765,0.13881769325102955,6,"[1, 0]",Paola,40.599922,24.692762,24.770594,24.325909,116.80855,90.48465,119.65019,129.6968,89.602905,61.99834,True,0,7
481,0.9264154462634241,0.13604125832874656,7,"[1, 0]",Paola,39.739635,24.559946,15.543903,34.81995,155.58553,111.793335,87.19338,119.539635,72.60268,51.894062,True,0,7
482,0.9197285709907247,0.14680624628748576,8,"[1, 0]",Paola,40.37601,31.04276,12.799405,21.716516,151.00117,134.533,99.06313,119.12857,82.60256,40.541004,True,0,7
483,0.9302814450079009,0.13360205764293495,9,"[1, 0]",Paola,60.436207,38.595993,42.684303,34.138992,158.69783,114.843285,99.32701,122.18895,73.987976,31.41205,True,0,6
484,0.9284170696720785,0.1357728427111435,10,"[1, 0]",Paola,36.876423,8.203437,35.197777,19.312407,92.00384,126.00811,122.471344,116.518845,64.46997,53.557995,True,0,7
485,0.9260570085707236,0.14019168015067895,11,"[1, 0]",Paola,35.41218,20.331125,15.983017,32.0409,139.98076,124.010345,129.36125,119.354126,74.176895,52.683342,True,0,7
486,0.9239275176922306,0.1423076411929363,12,"[1, 0]",Paola,34.408363,24.021246,10.84116,14.160436,90.04123,146.89975,132.82834,136.07639,85.01965,55.658115,True,0,7
487,0.9318438112407438,0.13000004610785598,13,"[1, 0]",Paola,27.452015,21.67173,35.60159,36.85563,142.29843,105.212776,100.26414,123.15312,71.89813,28.110638,True,0,6
488,0.926794909917132,0.1339062664535638,14,"[1, 0]",Paola,48.070953,44.733353,23.057121,32.481647,189.85054,136.89911,112.08089,80.05722,78.54957,29.045315,True,0,6
489,0.926728932965534,0.1396716824522339,15,"[1, 0]",Paola,38.400635,25.34561,34.598915,36.567432,101.01376,100.74066,137.83766,135.558,70.442444,53.254,True,0,7
490,0.9310370956879269,0.13169725823998737,16,"[1, 0]",Paola,25.563948,30.959568,27.115091,24.850554,59.010002,136.73526,122.01113,87.02112,48.5873,55.882458,True,0,6
491,0.925967663322632,0.1374180057755985,17,"[1, 0]",Paola,36.45333,15.750313,27.81792,14.363166,135.93542,140.0843,101.7583,112.55795,61.807884,60.737537,True,0,7
492,0.9397034985373799,0.09483018406850628,0,"[0, 1]",Paola,129.7699,19.508852,46.24225,73.0771,96.60221,41.366966,54.859524,40.063896,61.741344,31.514635,False,2,2
493,0.9587485671443612,0.08067572629673173,1,"[0, 1]",Paola,18.452658,59.583546,60.19943,26.662638,85.39726,107.83974,43.101746,39.355976,60.996845,55.936142,False,2,4
494,0.9555384029780652,0.07928683294972194,2,"[0, 1]",Paola,51.941124,84.2172,1.4710331,68.14575,70.959145,96.36522,65.419136,96.70169,69.29587,86.396545,False,2,4
495,0.9639717603689141,0.06880257854662042,3,"[0, 1]",Paola,55.70357,53.625736,66.025,73.88175,100.04219,26.806725,59.19234,61.75628,65.12078,19.711012,False,2,4
496,0.9230838409838681,0.11228594268378038,4,"[0, 1]",Paola,45.862873,54.719975,101.51146,-10.293416,44.047386,71.374664,83.64754,51.75754,40.188866,56.162323,False,2,2
497,0.8748312807632552,0.14468530242629477,5,"[0, 1]",Paola,60.650898,78.67118,75.53374,72.76374,138.15343,42.836185,69.327415,62.5281,60.213062,60.061855,False,2,1
498,0.9618418082869067,0.07158931521434397,6,"[0, 1]",Paola,67.54355,72.99009,53.400677,-1.8906701,80.616325,26.878277,61.7871,53.654755,67.83225,3.8049455,False,2,4
499,0.958837666924962,0.08026585857692607,7,"[0, 1]",Paola,75.96827,67.106316,87.506424,94.17569,92.61292,23.692541,82.65986,55.536842,98.66014,46.108208,False,2,4
500,0.9261905244701562,0.12400632899173211,8,"[0, 1]",Paola,84.37604,70.17693,81.135956,84.59056,70.51204,43.508896,57.570206,69.454994,44.896645,28.009733,False,2,0
501,0.9273823763586327,0.11112593799809421,9,"[0, 1]",Paola,128.16139,126.49411,71.84905,12.991265,109.45099,69.88423,93.148796,16.771227,96.157196,62.026474,False,2,2
502,0.9566127672468338,0.08045136317455721,10,"[0, 1]",Paola,80.14408,110.69568,89.14201,91.4116,79.76814,39.037975,21.33559,52.28619,80.57582,38.307,False,2,4
503,0.9575429357438764,0.07854225255188185,11,"[0, 1]",Paola,69.51776,22.37146,43.392803,18.751862,81.08178,63.337833,47.123394,20.056696,85.35782,26.235346,False,2,4
504,0.9461383484581944,0.09089424634857793,12,"[0, 1]",Paola,88.3069,76.99991,19.609213,56.258137,71.88254,106.12927,54.41187,71.91306,44.093597,83.53096,False,2,2
505,0.921758520071916,0.11938177804885336,13,"[0, 1]",Paola,83.7142,66.20682,58.736855,61.23513,111.5356,90.13103,64.78398,66.233665,81.56258,-8.340471,False,2,2
506,0.9472407195196831,0.08797700936480708,14,"[0, 1]",Paola,79.33334,81.19908,59.000294,16.013428,90.97214,81.79407,50.25383,64.809525,69.47596,29.22085,False,2,4
507,0.9355574115338707,0.10282840065554931,15,"[0, 1]",Paola,39.018604,44.412388,86.44626,51.46504,77.477036,41.339165,47.642056,37.628124,83.11042,29.859842,False,2,2
508,0.9666064754370527,0.06479872996149813,16,"[0, 1]",Paola,53.325222,48.87492,67.415146,50.42372,53.75898,70.996735,108.86294,103.80008,51.809483,60.66618,False,2,4
509,0.9322785903333508,0.11055368675575045,17,"[0, 1]",Paola,16.092066,66.65229,34.068897,55.810772,86.80626,58.56729,75.300644,85.75464,88.681595,58.094685,False,2,2
510,0.9457004618686682,0.09951236609056459,0,"[0, 1]",Paola,30.29338,19.727018,53.156265,76.95167,87.57776,75.25461,56.80498,112.77698,87.7682,44.399242,False,2,2
511,0.9381526168104747,0.10308656251498673,1,"[0, 1]",Paola,63.82958,44.18953,37.886242,48.58533,83.5717,42.499832,65.855446,67.66899,24.58271,33.219296,False,2,2
512,0.7787544279052585,0.21574534487647165,2,"[0, 1]",Paola,53.257946,18.616693,30.25746,53.16184,84.4267,72.10406,61.001335,92.48854,43.082195,36.74336,False,2,5
513,0.8413807182138593,0.17903102825944145,3,"[0, 1]",Paola,60.041023,41.26563,61.437668,57.01366,61.2207,27.7983,97.16371,44.41257,23.142302,24.96488,False,2,1
514,0.952609477732655,0.08900430336461727,4,"[0, 1]",Paola,55.0872,31.498253,41.453568,62.918625,59.329975,70.22515,59.41955,99.48915,23.48813,40.076595,False,2,4
515,0.9631256072139904,0.07025038558166279,5,"[0, 1]",Paola,78.9824,57.352497,72.166756,63.60624,106.75546,21.22881,69.86939,72.10835,45.098213,1.5245113,False,2,4
516,0.8875028043369128,0.1426587511456676,6,"[0, 1]",Paola,62.41003,64.27804,45.12942,60.99956,86.79777,82.80304,79.83426,90.71454,27.864641,16.451391,False,2,1
517,0.9541985946560062,0.08201293844575425,7,"[0, 1]",Paola,34.879986,48.60074,49.56329,67.2118,16.74814,80.88792,51.26475,81.18969,17.83382,33.67428,False,2,4
518,0.9017710471028534,0.1363615624381087,8,"[0, 1]",Paola,68.04896,66.94446,89.85062,50.427814,106.397385,43.373787,53.975956,98.370544,74.48637,48.381725,False,2,9
519,0.944972074063746,0.09411274424363643,9,"[0, 1]",Paola,71.751816,51.591618,29.22428,43.788246,89.25699,59.359886,80.05199,69.30708,54.38966,36.312584,False,2,2
520,0.9533149480283191,0.08388114304474417,10,"[0, 1]",Paola,48.254047,40.252422,32.686123,43.505756,118.36498,63.109715,100.58847,107.01744,97.34039,19.781254,False,-1,4
521,0.9475678505834142,0.09382339108605732,11,"[0, 1]",Paola,74.3045,1.2415173,46.772198,44.605694,93.82614,70.37208,75.892494,46.654957,51.48967,21.187681,False,2,4
522,0.7390042564422505,0.21633282853503968,12,"[0, 1]",Paola,70.781204,61.247074,8.846702,18.476717,111.777374,47.988804,59.313725,74.237434,57.46599,9.061864,False,2,5
523,0.9497346381036402,0.09313246483326572,13,"[0, 1]",Paola,86.78204,27.4215,41.58247,22.72232,72.37818,50.976017,50.929794,71.52689,62.617783,5.1902065,False,2,4
524,0.9065945117479127,0.12739591293946564,14,"[0, 1]",Paola,84.8741,56.438892,22.493269,26.174252,112.54859,30.54054,34.331295,77.22917,56.59128,12.729868,False,2,2
525,0.8991913930274967,0.1338385600270482,15,"[0, 1]",Paola,70.72569,53.00012,40.208843,25.427013,101.61722,64.6439,96.362335,89.48877,74.03216,30.967405,False,-1,2
526,0.9213344084846373,0.12087200640306581,16,"[0, 1]",Paola,70.4103,63.860504,77.8085,37.73054,81.52586,108.34129,71.09385,83.62521,51.37645,63.527134,False,2,2
527,0.9613824572518916,0.07378729563255633,17,"[0, 1]",Paola,25.8005,59.32948,53.677593,42.391506,95.303,72.19909,70.01709,56.338913,56.956955,30.501242,False,2,4
528,0.9366924119530662,0.1146594516395591,0,"[1, 0]",Paola,59.045795,45.1788,57.30446,59.423153,113.7517,114.91651,108.987915,111.91168,49.640087,12.132415,True,1,8
529,0.9231178357833945,0.13578818299190906,1,"[1, 0]",Paola,50.13475,40.8104,71.64414,60.85021,157.17862,85.22752,140.35687,97.649216,89.04149,48.018574,True,1,0
530,0.9289799947272696,0.13197797230333835,2,"[1, 0]",Paola,66.574844,50.446114,55.413456,62.457516,132.30185,108.7899,103.05701,108.40193,67.89527,62.36656,True,1,6
531,0.9450939203412312,0.10469521357031909,3,"[1, 0]",Paola,78.68789,64.773865,66.50844,66.62103,136.35213,91.913765,112.01415,107.65665,77.521385,52.287323,True,1,2
532,0.9275474904510621,0.12804265419404523,4,"[1, 0]",Paola,54.71433,65.25238,69.483795,58.079327,95.57291,106.124405,127.21632,102.0473,60.109104,33.09869,True,1,0
533,0.9452900404992098,0.10483932193179073,5,"[1, 0]",Paola,57.378544,41.793964,45.44315,63.583927,162.35103,152.78209,103.368706,113.50733,52.518456,34.9192,True,-1,2
534,0.9255141377303482,0.1387246174021256,6,"[1, 0]",Paola,67.476326,43.98602,49.30354,47.006134,123.166275,101.78736,101.85079,99.02301,58.098324,70.4085,True,-1,7
535,0.9441041554137874,0.1015439942554263,7,"[1, 0]",Paola,68.008224,48.06173,64.13685,39.632694,111.66941,136.46245,106.96673,90.94144,92.433655,33.89484,True,-1,2
536,0.9352627403006878,0.12130151204036675,8,"[1, 0]",Paola,54.880245,54.73305,50.641403,56.685516,118.77503,115.578125,84.10914,120.47614,70.25058,52.119907,True,1,8
537,0.9330966942415607,0.12653897976279965,9,"[1, 0]",Paola,65.512695,60.56103,64.58152,47.647434,129.82007,127.67061,88.81179,81.70325,80.25314,49.12322,True,-1,6
538,0.9354587507622989,0.11902764896979998,10,"[1, 0]",Paola,59.874096,63.5899,54.349327,58.602406,117.829636,116.449005,119.388084,102.7288,56.589664,68.890854,True,1,8
539,0.932302986795263,0.12517249091638089,11,"[1, 0]",Paola,62.37557,52.47012,47.353523,59.169617,115.83902,91.19108,80.08001,90.0623,74.2011,49.558598,True,2,6
540,0.9246467519508947,0.1331795476567674,12,"[1, 0]",Paola,67.996,57.38872,73.63741,57.741383,120.65516,134.09134,94.97722,91.23157,69.54627,72.85219,True,-1,0
541,0.9266875865621839,0.1365517646101882,13,"[1, 0]",Paola,68.546265,66.3972,48.29552,54.010677,108.587296,135.35011,128.5361,98.16842,71.34923,48.942665,True,-1,7
542,0.9386350981432956,0.11343465456202212,14,"[1, 0]",Paola,83.92565,81.471725,72.45395,65.71429,135.66396,127.13626,89.11415,79.554306,69.38977,39.928577,True,1,8
543,0.9357602988166117,0.11252290266280063,15,"[1, 0]",Paola,70.73316,69.89976,65.37755,70.81965,120.60586,102.96921,128.68114,106.250595,58.64294,36.962757,True,1,8
544,0.9282861697270942,0.1310057546168614,16,"[1, 0]",Paola,71.58629,76.598206,77.10546,67.09352,84.509415,100.827965,98.93411,124.93659,47.35729,31.173563,True,-1,6
545,0.9014689429624022,0.15676134838667,17,"[1, 0]",Paola,85.26248,70.54938,61.567234,62.49523,157.57738,113.81462,83.35684,77.83536,79.89058,80.108406,True,1,1
566,0.9327249893433196,0.12053095573210647,0,"[1, 0]",Paola,37.98606,30.10826,15.045931,19.161566,161.21222,115.6819,85.89218,134.71413,68.342316,41.96184,True,-1,0
567,0.9383710508944175,0.11418424145653615,1,"[1, 0]",Paola,31.991007,33.24027,30.134546,24.947361,123.7912,135.33153,81.04317,64.546455,64.28641,47.199154,True,0,8
568,0.9528214102005418,0.09314600247758366,2,"[1, 0]",Paola,27.950048,26.003725,32.927197,54.967808,104.05772,101.98969,85.18663,131.39577,87.892876,108.5909,True,0,4
569,0.93470727752884,0.11807685767737199,3,"[1, 0]",Paola,38.618397,23.184574,9.952545,10.325688,92.35683,134.66493,110.82278,86.14101,63.180695,26.397097,True,0,8
570,0.9351585238518346,0.1183516556327292,4,"[1, 0]",Paola,28.982466,18.043732,36.99847,21.353773,124.389175,135.9604,85.70498,134.41977,53.8305,64.609795,True,0,8
571,0.9491070310084188,0.10077852795876353,5,"[1, 0]",Paola,36.030777,11.96868,22.060026,21.934929,99.82077,97.15421,45.605507,125.80113,60.237278,48.421356,True,0,2
572,0.9484880757467267,0.09983151231136074,6,"[1, 0]",Paola,33.618626,11.82124,13.578078,38.140514,113.15444,103.90762,136.58803,120.34619,77.62166,84.45921,True,0,2
573,0.9302660556331392,0.12473800669711203,7,"[1, 0]",Paola,59.321724,29.77645,24.296974,29.365284,90.436325,130.77318,141.71729,98.66991,51.395145,38.8244,True,0,0
574,0.9306192870686556,0.12466414237265253,8,"[1, 0]",Paola,34.222507,39.908634,16.825304,27.318724,140.78824,73.18055,117.34689,143.80873,57.99187,31.16372,True,0,0
575,0.9464431763341908,0.102155937793798,9,"[1, 0]",Paola,50.62386,24.20059,37.910614,29.733915,181.81508,108.00943,118.87002,97.86881,51.77995,45.497047,True,0,2
576,0.9385202166114056,0.11666129015443219,10,"[1, 0]",Paola,25.286688,28.50295,33.707546,24.474989,132.37686,143.03758,59.234226,127.63677,97.160965,62.268833,True,0,8
577,0.9419304027370154,0.1088955290236053,11,"[1, 0]",Paola,29.427986,20.427557,14.64556,27.236927,168.64058,49.935192,108.87396,133.89612,77.820595,38.54204,True,0,2
578,0.9316684401516622,0.12368421018644767,12,"[1, 0]",Paola,35.941914,27.516247,17.830698,22.129711,139.38637,94.89666,110.95364,95.0505,68.025375,34.946045,True,0,0
579,0.9377416932502324,0.1154880684343307,13,"[1, 0]",Paola,48.565735,16.477491,43.767887,22.928038,144.25127,103.362274,128.14917,106.266174,63.89832,36.482735,True,0,8
580,0.9437963174785415,0.11073138405285118,14,"[1, 0]",Paola,30.81246,26.026672,29.393372,13.535432,123.21269,131.5318,130.77843,95.08879,71.77544,51.617077,True,0,2
581,0.9514858966405508,0.09571598133721801,15,"[1, 0]",Paola,70.01807,33.016937,34.920113,26.79511,131.29054,100.68781,132.30923,148.55391,86.29233,39.647648,True,0,2
582,0.9349102687069157,0.11720652049127221,16,"[1, 0]",Paola,28.590233,27.373781,27.151972,22.453016,152.82832,104.59623,152.72691,101.03441,48.83045,40.751232,True,0,8
583,0.9325082639488715,0.12177887851766177,17,"[1, 0]",Paola,63.047295,30.562605,23.90139,11.74805,150.71179,85.63121,143.36368,116.33522,62.003315,38.438946,True,0,0
584,0.9096127595978578,0.17482093261564172,0,"[0, 1]",Paola,39.416626,75.629234,59.09054,68.78545,62.976448,86.88556,101.54725,103.26767,93.11424,52.92869,False,2,3
585,0.9176937226153007,0.15938835768705584,1,"[0, 1]",Paola,70.16868,73.07356,44.2808,46.341442,93.46421,68.803024,82.444405,75.03902,99.078705,73.059135,False,2,3
586,0.9204913169187937,0.1552181412029361,2,"[0, 1]",Paola,80.27823,34.567265,63.408276,65.55419,116.618126,84.13216,97.93285,90.09259,104.66347,77.77825,False,2,3
587,0.9060493033454214,0.18112676358092342,3,"[0, 1]",Paola,47.10223,128.17928,69.12463,59.893185,94.1062,88.3513,95.976204,92.402725,36.731804,90.68171,False,2,3
588,0.9103165714896663,0.17324955406307282,4,"[0, 1]",Paola,48.64195,40.908794,48.857517,100.22122,88.783646,81.6281,79.97517,108.95843,83.31249,63.033886,False,2,3
589,0.9122023395158746,0.16969147661154996,5,"[0, 1]",Paola,81.46988,67.698654,40.416965,60.113243,84.127396,78.45556,86.9276,90.580536,78.85242,57.20687,False,2,3
590,0.9189010579836309,0.15831732607354246,6,"[0, 1]",Paola,75.40283,78.17546,45.222954,97.648964,109.03917,147.71684,60.00164,77.40506,97.48247,48.717136,False,2,3
591,0.9121786903929429,0.17120554542509756,7,"[0, 1]",Paola,92.735214,61.46565,75.78363,84.59187,95.70623,85.48445,63.258198,99.1071,91.0432,74.675896,False,2,3
592,0.9129661075170197,0.16777771547644835,8,"[0, 1]",Paola,87.47818,75.74446,75.083206,59.389362,104.16713,96.87393,91.45102,68.94959,112.016235,76.05051,False,2,3
593,0.9103377102365879,0.15792269187901023,9,"[0, 1]",Paola,89.12167,62.20084,72.63139,25.130423,129.84508,77.47571,86.03261,71.32835,113.14842,80.16585,False,2,1
594,0.9152689847384977,0.16394081161784732,10,"[0, 1]",Paola,86.078,53.731045,57.097958,72.16179,87.98532,120.02229,91.89902,105.713844,72.44744,121.41707,False,2,3
595,0.9318457933955332,0.13116676948733277,0,"[1, 0]",Paola,37.577946,14.994753,37.115185,25.861586,165.24956,155.31262,129.2686,121.52388,64.4012,33.72533,True,0,6
596,0.9490302683200993,0.09980479156060022,1,"[1, 0]",Paola,42.24432,15.678159,31.581,20.657696,154.49309,142.81157,119.20445,177.49515,57.380962,29.425806,True,0,2
597,0.9323937229503405,0.1309434768270391,2,"[1, 0]",Paola,22.618523,2.7984855,24.648392,22.044102,162.5848,117.136856,130.99374,152.93745,54.79707,48.396282,True,0,6
598,0.9299125260724116,0.13328803703542533,3,"[1, 0]",Paola,19.84066,32.042355,34.086967,21.236685,93.24443,160.83394,154.00691,121.57765,37.60241,49.83703,True,0,6
599,0.9291409057266129,0.13556889189519264,4,"[1, 0]",Paola,47.037888,20.9092,11.877793,22.967321,181.3322,154.70137,92.10419,150.82762,74.9976,26.07572,True,0,7
600,0.9490587185990055,0.10006251580085943,5,"[1, 0]",Paola,33.57496,29.440466,15.136043,20.833403,184.00948,172.0808,114.237976,125.581314,70.9587,55.82774,True,0,2
601,0.9500493057911619,0.09883015176339398,6,"[1, 0]",Paola,35.946815,35.41452,35.41038,53.026516,176.98378,152.76816,103.5558,146.60626,45.136505,36.158382,True,0,2
602,0.9336701492688017,0.12808007776954586,7,"[1, 0]",Paola,16.530737,22.191671,17.49025,27.15379,143.72112,138.30167,153.26616,151.26006,59.805088,29.193464,True,0,6
603,0.9303371663119179,0.1323047428036262,8,"[1, 0]",Paola,27.994085,29.019188,2.229583,33.331562,136.90137,132.92879,84.59474,133.59341,57.28938,31.844688,True,-1,6
604,0.9449696713874575,0.10767003033283967,9,"[1, 0]",Paola,30.853468,17.843012,44.50867,26.292612,187.52776,71.860634,134.87355,138.43321,61.93205,26.730124,True,0,2
605,0.9358483509502086,0.11957508776760475,10,"[1, 0]",Paola,51.39313,36.718586,29.909945,25.798555,138.66486,173.11833,169.27682,158.34813,47.41997,32.018127,True,0,8
606,0.9324524824444257,0.1308778989491712,11,"[1, 0]",Paola,20.573854,12.082723,11.059552,27.923372,214.16965,163.05705,110.92729,111.27454,47.115223,34.788723,True,0,6
607,0.9273726720605684,0.13807830157416648,12,"[1, 0]",Paola,34.468163,40.319237,30.025032,22.174736,171.15771,114.23691,122.75628,141.28763,53.261166,37.301426,True,0,7
608,0.9395837511821801,0.1173713844186376,13,"[1, 0]",Paola,55.33706,35.288155,57.86162,42.22628,168.1763,91.52996,136.57367,140.57468,56.087772,33.49824,True,0,8
609,0.9471183844588821,0.10399258704177097,14,"[1, 0]",Paola,39.90368,35.92848,61.77226,38.04426,170.92899,143.52742,165.13464,102.18828,55.33852,33.358257,True,0,2
610,0.9351444725645309,0.12523287701054037,15,"[1, 0]",Paola,32.251682,21.62574,36.627174,12.3553,172.8585,143.44978,119.95155,128.71834,53.8318,43.758694,True,0,6
611,0.9312960990460697,0.13166493010911823,16,"[1, 0]",Paola,58.286015,67.98112,20.046228,32.778904,122.22783,161.54512,147.50038,145.55182,69.59936,61.23431,True,0,6
612,0.9262755539256057,0.1389556593327553,17,"[1, 0]",Paola,34.564373,35.74473,25.686543,27.769768,160.46213,144.73299,136.77164,120.385735,65.03438,37.110374,True,0,7
613,0.9445494230640378,0.10591334277410007,0,"[1, 0]",Paola,43.872776,3.008877,22.316721,-0.30143827,168.14127,143.08311,94.765686,109.14199,62.817905,67.16773,True,0,2
614,0.9373577887959011,0.12028688832369502,1,"[1, 0]",Paola,57.092495,4.978451,26.104685,15.331952,147.61868,110.46248,104.80914,121.84909,61.744637,86.236595,True,0,8
615,0.9355468422903134,0.12045090751685739,2,"[1, 0]",Paola,19.09046,18.339933,38.486557,33.961414,96.84349,136.2779,105.62626,128.67818,41.681976,67.76246,True,0,8
616,0.9403535400265227,0.10992634530096204,3,"[1, 0]",Paola,40.922474,37.486652,37.888084,24.023249,147.56226,167.63147,108.42526,104.17377,108.31716,25.119944,True,0,2
617,0.9438275752472761,0.10700504064365514,4,"[1, 0]",Paola,60.80873,24.555338,15.345535,34.180534,174.2287,86.09004,124.831955,108.29045,38.55834,25.407864,True,0,2
618,0.9334575060041426,0.1261635646641183,5,"[1, 0]",Paola,34.63056,10.166119,34.164036,22.316462,171.28728,76.37592,107.13937,141.08568,73.50535,61.171772,True,0,6
619,0.9289848863691824,0.12808036243679854,6,"[1, 0]",Paola,36.772953,34.875237,36.56693,32.19077,112.74665,74.99864,124.09416,146.23312,60.306637,61.508,True,0,0
620,0.949506796673293,0.09857531922899242,7,"[1, 0]",Paola,26.643406,17.54724,17.639885,45.58588,126.05773,113.806404,100.55496,108.41133,70.909584,32.43121,True,0,2
621,0.9433852366530274,0.10852733158121732,8,"[1, 0]",Paola,55.100117,33.857613,30.726957,10.854657,152.77687,118.05266,152.33412,98.33011,65.09782,43.905956,True,0,2
622,0.9467242826183883,0.10458098424170477,9,"[1, 0]",Paola,51.907257,25.506361,27.333565,31.76766,150.90451,94.48471,73.825775,107.691574,85.735085,65.9059,True,0,2
623,0.93564138134745,0.12333101801527242,10,"[1, 0]",Paola,47.3011,21.639297,49.196957,33.839306,92.469574,101.13646,125.99963,152.70038,66.77082,49.70471,True,0,6
624,0.935956832858869,0.12461862930426455,11,"[1, 0]",Paola,34.78116,21.565176,42.253746,38.93063,111.62787,117.48591,129.23589,108.46826,61.233646,37.91969,True,0,6
625,0.930894573597993,0.12658578654863809,12,"[1, 0]",Paola,42.49123,41.166042,34.106045,49.234203,87.81755,120.62992,99.11725,162.72253,62.600468,64.64931,True,0,6
626,0.9455486611645982,0.10437401419969604,13,"[1, 0]",Paola,48.343037,34.683193,40.59024,51.869946,155.01335,103.4018,129.77553,124.77141,78.94954,53.57718,True,0,2
627,0.9287992266832246,0.12638465535204382,14,"[1, 0]",Paola,64.266396,45.129597,60.60351,43.277187,174.50581,98.92808,170.40509,117.30852,39.13139,23.984556,True,0,0
628,0.9395844582770564,0.11531580092074349,15,"[1, 0]",Paola,53.871387,41.27476,34.312733,45.948997,182.89307,121.263626,116.6347,132.35258,66.103264,52.00764,True,0,8
629,0.9348405330098298,0.12286175992793409,16,"[1, 0]",Paola,66.591774,45.617878,47.003735,44.09732,146.08527,154.50606,104.34445,138.37926,75.81373,39.266094,True,-1,6
630,0.9380449195472506,0.11859308242614955,17,"[1, 0]",Paola,60.950645,48.012196,59.844868,21.11627,143.95316,89.10407,110.32358,135.03368,76.986916,33.8967,True,0,8
631,0.9287790621474875,0.1256156808066662,0,"[1, 0]",Paola,27.87177,19.98627,18.28017,4.3731165,150.5052,95.00496,133.26726,114.26163,52.28594,20.734901,True,0,0
632,0.9248013798192567,0.13137380051824168,1,"[1, 0]",Paola,34.734463,27.31093,37.40951,43.646034,172.32864,62.95693,125.66371,136.70819,37.282455,14.371213,True,0,0
633,0.9261778304168148,0.1293154668975314,2,"[1, 0]",Paola,55.66374,16.01548,8.9412565,24.63008,164.95314,111.94952,121.16947,139.33287,34.67329,19.301289,True,0,0
634,0.9273726889270026,0.12781545780825115,3,"[1, 0]",Paola,40.054325,34.51048,5.734467,12.170353,111.03729,148.18031,123.39752,120.097664,38.07221,46.112713,True,0,0
635,0.9243120813219395,0.13112567543917736,4,"[1, 0]",Paola,18.941767,14.228238,15.282769,33.216312,117.709206,114.80514,107.98922,157.12535,43.948917,28.859722,True,0,0
636,0.9276095642999255,0.12623729403450898,5,"[1, 0]",Paola,25.793505,5.666904,13.46075,37.158466,148.1341,67.53688,95.8147,180.484,42.772465,17.59528,True,0,0
637,0.9281884843110519,0.1270001849202397,6,"[1, 0]",Paola,26.089497,8.813071,30.33824,10.904241,76.839066,149.38812,113.250404,123.818054,52.047794,25.413866,True,0,0
638,0.932662887947143,0.12083905290916039,7,"[1, 0]",Paola,40.11005,20.780169,14.691854,15.3041315,155.4673,113.99563,135.32874,101.15437,52.09773,37.32167,True,0,0
639,0.9331852213801658,0.11980133004861127,8,"[1, 0]",Paola,44.5059,37.37942,10.372518,9.619391,140.73376,125.1805,51.846348,77.76048,58.39544,39.45792,True,0,0
640,0.9307134377542204,0.12319437180059119,9,"[1, 0]",Paola,33.769268,31.894014,6.3338428,13.334676,129.87312,120.153305,94.99697,166.0907,46.59228,41.53847,True,0,0
641,0.9315175920921628,0.12200303642634165,10,"[1, 0]",Paola,41.89301,4.616034,29.169321,40.8297,192.18849,116.99525,111.87077,86.065506,61.50801,41.693398,True,0,0
642,0.928917641726313,0.12594081790419578,11,"[1, 0]",Paola,29.810051,24.37816,9.769403,7.839369,129.379,48.74401,95.0885,137.65952,65.5967,26.869299,True,0,0
643,0.9300153178494799,0.12396609776488754,12,"[1, 0]",Paola,32.267406,18.603783,27.20618,29.77175,173.00612,88.312836,114.995995,123.85569,54.40241,25.853325,True,0,0
644,0.9292755342749043,0.12478431500798026,13,"[1, 0]",Paola,29.844463,12.28526,14.204678,9.222195,177.56369,170.23053,85.99492,140.68124,45.275936,29.775284,True,0,0
645,0.9273788578787621,0.1271946219573462,14,"[1, 0]",Paola,35.406536,46.905422,1.4722583,29.79785,156.22636,120.9827,80.58792,142.18188,50.819996,23.73141,True,-1,0
646,0.9279717717907647,0.12678384764787343,15,"[1, 0]",Paola,34.985844,15.483915,24.202295,17.32044,85.99624,116.364555,161.9698,91.40898,43.530403,33.234394,True,0,0
647,0.9329651404099022,0.11941307401463035,16,"[1, 0]",Paola,29.253347,28.68309,14.931699,28.222727,136.33446,106.53287,112.01522,126.5428,38.90894,17.915552,True,0,0
648,0.9184055590252284,0.1340508202020982,17,"[1, 0]",Paola,21.688944,31.652409,37.084553,22.490406,145.94539,138.36021,142.60204,135.2933,45.901474,27.568415,True,0,0
649,0.9019374650758039,0.1679961459904754,0,"[1, 0]",Paola,36.734013,29.563269,71.73776,29.612627,94.604996,60.778744,56.60967,65.63962,89.170006,109.81752,True,2,1
650,0.8376126762937932,0.21687740778506695,1,"[1, 0]",Paola,95.59989,82.68654,55.16773,40.68675,136.91354,46.750706,73.576706,89.75422,108.63729,93.67819,True,2,5
651,0.8709037645340809,0.18844169490068952,2,"[1, 0]",Paola,53.493412,40.223213,3.9756591,26.517626,111.736046,85.44658,54.973312,70.664795,104.37433,95.32013,True,2,1
652,0.8810698417593145,0.18368095742477372,3,"[1, 0]",Paola,58.697697,80.19992,47.964153,49.931908,101.65183,101.84277,52.88598,67.18236,109.78061,111.23764,True,2,1
653,0.8621610001437622,0.207155783199389,4,"[1, 0]",Paola,53.48025,35.461487,33.47032,79.7466,91.690674,69.097244,58.514637,68.17746,101.049095,113.737366,True,2,5
654,0.8674959237654895,0.20059273355600807,5,"[1, 0]",Paola,57.017986,54.3024,72.50227,46.244053,98.77985,89.90743,65.81939,63.934853,108.00688,113.02101,True,2,5
655,0.8731478573768076,0.20493368912829102,6,"[1, 0]",Paola,65.692856,16.102036,56.663128,53.976585,95.74308,25.067616,48.64802,47.640358,107.269966,95.30358,True,2,5
656,0.7249433728559969,0.2599196367749717,7,"[1, 0]",Paola,42.697514,11.642449,47.6249,44.986958,102.97572,20.799196,73.85754,62.33504,113.6774,56.282585,True,2,5
657,0.7790022041963796,0.2155869788374805,8,"[1, 0]",Paola,60.2417,51.400936,54.66273,31.874369,63.10154,44.27049,91.88805,64.964676,102.79724,89.045784,True,2,5
658,0.8682768442343999,0.20029582894092696,9,"[1, 0]",Paola,31.684753,51.58096,25.033154,50.708744,87.290436,65.720055,20.03906,59.017406,92.4561,104.815506,True,2,5
659,0.8982025591820239,0.1677571312411235,10,"[1, 0]",Paola,100.73854,10.411811,48.24748,57.93365,80.3981,48.66708,91.20826,77.611984,85.12697,36.725147,True,2,9
660,0.8799589555267864,0.19775040071177588,11,"[1, 0]",Paola,62.841778,30.676903,72.46528,38.718693,89.37035,62.070515,60.385048,56.834644,104.66591,99.10228,True,2,1
661,0.9264376695717071,0.13199089163449132,12,"[1, 0]",Paola,69.918015,35.89938,49.345146,41.03724,42.232,78.66113,86.19236,79.30246,107.99129,102.19918,True,2,0
662,0.8541656608762189,0.20443964248462992,13,"[1, 0]",Paola,74.820724,30.696756,11.640748,51.44984,71.50633,48.524414,75.78737,38.07819,89.297165,95.748474,True,2,5
663,0.8111652199656205,0.22477321511971735,14,"[1, 0]",Paola,75.27979,30.686754,32.319496,52.596664,121.82599,25.67753,24.469864,36.014652,112.2491,83.921394,True,2,5
664,0.9005794785080712,0.1716827594822321,15,"[1, 0]",Paola,74.527664,74.09413,48.298588,47.766834,112.86781,61.262028,52.238644,53.90263,136.9789,33.43176,True,-1,1
665,0.9078172861105074,0.160671409773642,16,"[1, 0]",Paola,63.57513,82.708984,61.025227,91.95176,47.28551,115.06975,61.48276,67.85596,93.86856,117.86346,True,2,1
666,0.909152038932377,0.16241241894471906,17,"[1, 0]",Paola,113.82292,81.07478,57.85599,17.953815,86.60387,63.700455,26.024002,42.79672,119.854324,111.88189,True,2,1
667,0.8838344014881157,0.18659343905734546,18,"[1, 0]",Paola,52.67219,65.53825,71.77291,58.526028,94.288635,46.11669,75.97032,26.114023,117.62596,72.40278,True,2,1
668,0.8986443868253323,0.16209972909283854,19,"[1, 0]",Paola,89.68307,101.66594,91.88051,76.94634,69.864944,94.50814,52.91407,51.759758,89.21406,100.040085,True,2,9
669,0.9245440549556051,0.12450108619546875,0,"[0, 1]",Paola,90.16783,87.804535,77.409424,52.536594,117.90377,82.16976,99.13237,54.448112,34.139576,-2.8317478,False,2,0
670,0.9556457460855161,0.08393625449213193,1,"[0, 1]",Paola,48.07284,105.45258,135.85576,64.9127,72.95281,91.63205,32.72733,84.5776,32.04179,31.225044,False,2,4
671,0.9439280793990048,0.09667694158788717,2,"[0, 1]",Paola,139.28273,75.99758,101.572624,154.07637,88.16138,68.57326,88.85226,107.43927,48.79363,6.628355,False,2,2
672,0.9639945345743584,0.06944761844457592,3,"[0, 1]",Paola,93.66087,89.50737,121.80983,123.40784,95.675186,78.103745,9.08588,78.551895,42.687725,30.473095,False,2,4
673,0.9494534498590573,0.09316199738572703,4,"[0, 1]",Paola,83.30664,111.658005,107.36714,54.99151,53.75977,89.377785,70.6181,63.96941,20.183931,26.155363,False,2,4
674,0.9513188621840986,0.08749005265519662,5,"[0, 1]",Paola,18.460886,84.21715,111.37066,87.90034,85.2343,61.562435,66.50523,79.01775,55.47579,32.514977,False,2,4
675,0.943204070959277,0.10148681400596567,6,"[0, 1]",Paola,82.5208,40.424778,69.527466,33.74693,72.22275,72.56053,33.72052,54.49101,42.694233,26.23662,False,2,2
676,0.9539106060151692,0.08556192487932043,7,"[0, 1]",Paola,83.74234,80.81428,71.866,131.60567,17.98215,69.497475,66.18292,68.64014,9.572927,3.1369555,False,2,4
677,0.9447819267192267,0.09938135474742911,8,"[0, 1]",Paola,96.82116,83.90736,73.12617,51.5594,142.2736,76.620056,72.7644,60.346127,65.139656,22.60511,False,2,2
678,0.9577549224640568,0.08064466435417429,9,"[0, 1]",Paola,27.564344,54.150898,49.76272,58.409126,92.340256,60.74464,89.39575,73.65969,87.80639,25.921606,False,2,4
679,0.9403701965506759,0.10426039157626787,10,"[0, 1]",Paola,98.27723,76.76297,54.125584,68.09778,79.48717,75.96096,38.38402,68.47619,59.33858,6.382476,False,2,2
680,0.9435332345670282,0.09501357427931437,11,"[0, 1]",Paola,58.639977,56.482304,19.29989,45.540363,126.757416,74.112915,102.42528,71.672615,51.66185,17.641483,False,2,2
681,0.9207686913447926,0.1193144774876874,12,"[0, 1]",Paola,67.303,50.219868,34.335102,86.971405,63.53214,84.17408,36.963627,63.04224,67.27704,39.42959,False,2,2
682,0.962457585086461,0.0736058363040195,13,"[0, 1]",Paola,128.89201,150.48271,54.37928,98.17195,72.75581,62.659863,0.42420107,67.37341,38.983646,23.526178,False,2,4
683,0.9491782233958858,0.0930439367026094,14,"[0, 1]",Paola,94.11627,40.28049,56.98441,25.832458,86.74263,87.16332,79.0984,43.79349,33.55288,33.2632,False,2,4
684,0.9596002651529559,0.0785911509033,15,"[0, 1]",Paola,103.27113,53.435154,70.53657,21.599947,74.686646,67.2837,90.7115,104.157715,22.356592,6.926819,False,2,4
685,0.94915524865753,0.09043954312564496,16,"[0, 1]",Paola,101.96767,95.626236,85.98282,39.089844,95.04269,79.25848,86.50173,50.137043,58.086338,36.106724,False,2,4
686,0.952035407698461,0.08797441414962026,17,"[0, 1]",Paola,105.97713,85.850746,57.757244,66.71306,109.03688,57.27703,73.1954,72.33398,61.45402,-3.2646549,False,2,4
687,0.9012730270098345,0.15407736034599487,0,"[0, 1]",Paola,103.98686,77.06981,100.95274,116.5695,84.70316,43.039837,64.73002,77.94577,80.80988,29.833712,False,2,1
688,0.8515962118040237,0.19616434548700878,1,"[0, 1]",Paola,144.97873,80.39308,125.605835,107.663086,80.89191,66.05482,31.84864,65.9031,60.258533,14.760959,False,2,5
689,0.8565908946272361,0.20338657890215672,2,"[0, 1]",Paola,143.67828,95.86702,114.59897,109.129906,100.58223,66.89822,63.43272,75.77163,52.055477,62.522095,False,2,5
690,0.8782604841393955,0.16941576523485255,3,"[0, 1]",Paola,104.211525,114.09302,102.14494,90.898384,87.46067,62.107082,76.18709,56.903515,62.76206,43.19362,False,2,1
691,0.8943661387876526,0.16405428773729316,4,"[0, 1]",Paola,117.94722,94.346245,98.26157,98.062164,84.2206,60.44763,64.72398,67.93101,61.347538,20.405996,False,2,1
692,0.8676530425164015,0.1825191845857387,5,"[0, 1]",Paola,125.66614,58.856808,106.1551,92.95794,117.25334,64.575676,56.145714,79.809105,104.30504,48.65096,False,2,1
693,0.8633737332441251,0.18534410586097708,6,"[0, 1]",Paola,80.300186,79.06965,90.60498,83.26874,66.77745,149.7459,86.53021,67.7245,35.089012,48.765213,False,2,1
694,0.9108296045912644,0.14331721634309877,7,"[0, 1]",Paola,107.288216,102.67425,74.53149,64.32124,96.483604,67.85818,53.205276,80.89081,81.26543,32.805996,False,2,7
695,0.8380066491314129,0.2089016477792931,8,"[0, 1]",Paola,131.69539,100.79068,67.19344,88.08355,87.69757,75.441925,40.9042,72.251625,40.48,61.375633,False,2,5
696,0.8602671393855392,0.19056525272976513,9,"[0, 1]",Paola,108.514984,75.552895,79.33542,41.751015,113.41672,44.795002,54.71046,85.0179,95.22238,17.82536,False,2,5
697,0.8330645274844564,0.22122629580575023,10,"[0, 1]",Paola,82.3257,85.210945,102.5094,108.05436,89.69683,82.37277,58.539654,87.11,57.606716,10.966491,False,2,5
698,0.854850512088269,0.20014199445860362,11,"[0, 1]",Paola,105.45323,91.78859,84.65849,60.34947,129.68741,36.841343,120.11939,75.3051,89.65943,43.136578,False,2,5
699,0.8968271291518342,0.16159661347956053,12,"[0, 1]",Paola,93.97256,79.06841,62.533627,88.70041,106.36111,34.87439,74.68915,87.94635,80.80649,44.068733,False,2,1
700,0.8893750937503002,0.1697951096771205,13,"[0, 1]",Paola,126.58634,78.74214,74.85207,49.780807,73.99762,124.334915,68.76771,107.70715,57.447292,71.32022,False,2,1
701,0.8457241616895549,0.20236711745570427,14,"[0, 1]",Paola,80.50603,50.516396,125.138756,99.3633,112.137924,57.46445,77.32278,48.863956,46.527798,41.6163,False,2,5
702,0.8811027187847188,0.1717682146190071,15,"[0, 1]",Paola,82.60849,110.57095,81.28675,82.407364,95.68973,90.8826,93.22906,44.1426,53.434784,35.26557,False,2,1
703,0.8596190367712682,0.19212979636473299,16,"[0, 1]",Paola,111.14575,58.190716,57.347164,91.235725,82.088425,85.074646,81.112755,99.38597,40.187042,40.723125,False,2,5
704,0.8558921875865831,0.19063021580522357,17,"[0, 1]",Paola,75.565216,125.77052,41.08818,65.124825,76.13515,89.45741,97.16618,98.454636,59.3269,18.255991,False,2,5
705,0.9125943563382749,0.15449047582675343,0,"[1, 0]",Paola,61.74291,104.06987,99.866165,34.838844,49.856133,76.95042,63.635307,97.84505,108.077286,73.20801,True,2,7
706,0.9178476589272835,0.14894051181108028,1,"[1, 0]",Paola,45.269318,13.961516,84.88272,101.81178,79.06488,54.655678,105.171715,72.97412,103.528595,96.85182,True,2,7
707,0.6688610163029816,0.28923807089736187,2,"[1, 0]",Paola,49.24368,63.77606,60.549164,50.34284,46.672794,73.48248,68.24074,53.732346,103.9578,105.73303,True,2,5
708,0.7844515815098744,0.2537391543618829,3,"[1, 0]",Paola,81.59596,45.444965,72.59827,28.687773,106.48681,63.318966,53.8704,48.87888,136.15904,119.511765,True,2,5
709,0.883758772319338,0.1882651267203931,4,"[1, 0]",Paola,39.378513,68.371864,35.105873,35.74874,83.65794,63.568066,41.54248,60.74464,129.2778,121.27286,True,2,1
710,0.913814604433384,0.15743079084683712,5,"[1, 0]",Paola,55.9976,63.342754,18.290539,7.185586,99.767334,64.79248,43.392117,45.614334,141.40654,141.58194,True,2,1
711,0.8514794914219431,0.19964929754407365,6,"[1, 0]",Paola,53.144115,71.7431,39.414906,54.018276,77.768456,44.351902,34.486156,88.35096,139.3179,114.85738,True,2,5
712,0.8947015288456293,0.1829976725223328,7,"[1, 0]",Paola,63.425915,45.404247,58.038536,66.35669,107.75433,72.85886,60.826057,74.96198,157.78488,112.1194,True,2,1
713,0.9026391851250833,0.17635890884148794,8,"[1, 0]",Paola,55.229618,58.652668,44.731377,88.3636,73.38501,85.2733,25.263075,40.837257,97.97641,107.35709,True,2,3
714,0.9108454049571576,0.161873191872089,9,"[1, 0]",Paola,30.972578,37.293377,82.319305,56.579567,87.658264,41.221027,93.79906,40.97701,141.9902,104.4001,True,2,1
715,0.9276873477868062,0.13634853451953155,10,"[1, 0]",Paola,35.70068,12.876098,39.114574,28.98361,85.279465,85.7856,76.74306,57.145355,131.37672,148.22289,True,2,7
716,0.9154379209318044,0.15578719582874506,11,"[1, 0]",Paola,45.374664,20.561865,48.885723,53.065624,71.11498,47.171776,29.78143,16.648584,110.67895,151.05339,True,2,7
717,0.9151827711243978,0.1549778024355407,12,"[1, 0]",Paola,70.59216,75.44268,37.51657,51.545826,59.570156,28.043383,46.310627,53.535023,98.61554,118.45565,True,2,7
718,0.9093696029685359,0.16396648309475328,13,"[1, 0]",Paola,36.448826,46.124496,25.87148,43.50964,41.204906,54.61173,35.87597,83.466255,99.15284,113.24972,True,2,1
719,0.9121627727511186,0.1541210280382425,14,"[1, 0]",Paola,60.532978,35.943165,59.033733,71.83494,89.06339,57.722565,63.631832,85.14752,105.512764,114.50772,True,2,7
720,0.9030269340506232,0.1623853315030592,15,"[1, 0]",Paola,70.59205,39.573982,36.297695,69.0562,95.40509,38.47235,55.603947,35.352863,136.77849,73.321304,True,2,1
721,0.8682598987662002,0.20300169204354035,16,"[1, 0]",Paola,78.00759,58.04562,67.16831,11.183656,57.38655,83.42657,22.037115,57.064316,129.67607,139.4629,True,2,5
722,0.8886081749351518,0.18532710593602306,17,"[1, 0]",Paola,48.715855,60.070705,55.55039,36.613537,77.08836,75.785736,68.14936,48.484226,157.54454,106.74219,True,2,1
723,0.8877566292789746,0.19199218724210956,18,"[1, 0]",Paola,46.432545,56.239544,67.46181,60.54162,44.034313,65.326584,54.307964,86.29828,164.25273,101.25661,True,2,1
724,0.8534501576794643,0.21149647734176658,19,"[1, 0]",Paola,78.16404,58.126987,60.285088,94.67269,94.29812,88.15663,66.658844,62.81467,131.71565,89.70064,True,2,5
725,0.9457745614603991,0.0933442955040888,0,"[0, 1]",Paola,69.75435,95.567604,124.03159,101.66441,78.65616,70.6023,100.05331,36.10912,49.673283,44.01017,False,2,2
726,0.9647608520191333,0.07308435925523218,1,"[0, 1]",Paola,99.767334,110.54338,138.71791,124.7796,54.83351,62.04626,52.29736,94.38608,54.00336,45.565456,False,2,4
727,0.9485969484067052,0.08463363546037712,2,"[0, 1]",Paola,96.370636,93.003555,49.51614,71.44673,105.076454,69.61122,87.81212,101.96177,59.21709,23.922842,False,2,4
728,0.9690445966168499,0.06340298973661572,3,"[0, 1]",Paola,123.84457,76.974724,50.65273,64.79509,105.53349,61.157043,61.486248,60.28711,59.546043,12.904526,False,2,4
729,0.9664642272835553,0.06593034033598176,4,"[0, 1]",Paola,56.681976,70.103935,123.20997,75.57251,88.313126,65.082016,51.44131,61.51106,58.043434,32.468227,False,2,4
730,0.9643213490740532,0.07204649450844822,5,"[0, 1]",Paola,107.23505,42.028687,117.293365,118.16658,82.49345,63.21958,45.37145,56.30777,68.7505,29.67085,False,2,4
731,0.874673998403993,0.14730211282637307,6,"[0, 1]",Paola,105.75354,93.72075,114.192635,78.81477,104.91927,66.56653,56.15971,54.882744,50.291424,27.23604,False,2,1
732,0.9521908776604235,0.08453374437099372,7,"[0, 1]",Paola,86.526855,39.640366,2.1760259,49.161373,72.54843,46.775402,71.64944,76.789696,56.9542,34.56622,False,2,4
733,0.9631701896278171,0.07076729280176257,8,"[0, 1]",Paola,75.78785,53.262947,89.61571,90.30463,86.21154,52.663868,113.98428,52.66435,59.489864,6.2861357,False,2,4
734,0.9539810375068134,0.08640265035200041,9,"[0, 1]",Paola,111.520226,91.39554,95.14198,112.729095,68.795494,77.56801,68.1233,53.3045,84.03268,28.05967,False,2,4
735,0.9646114924554288,0.06980938128070328,10,"[0, 1]",Paola,88.42283,84.644264,82.37962,104.951035,68.802704,81.93561,69.892944,67.90673,60.798145,51.674625,False,2,4
736,0.9519151346120149,0.07846108113506715,11,"[0, 1]",Paola,73.47475,141.33427,121.94629,94.80226,29.362097,29.980028,55.51879,73.25528,67.00997,57.37153,False,2,4
737,0.9630319087334455,0.06965098313156531,12,"[0, 1]",Paola,89.77833,9.418555,132.98956,88.89787,101.19009,50.680008,65.52491,53.340843,53.830685,44.572697,False,2,4
738,0.9665584149767856,0.06568507380795169,13,"[0, 1]",Paola,71.05334,94.19529,109.7428,86.45838,85.559525,63.7217,11.684083,56.81979,36.029575,32.734097,False,2,4
739,0.9592385056919838,0.07686569563780235,14,"[0, 1]",Paola,86.453186,104.53697,107.72267,114.19053,60.981236,88.859985,40.69789,85.78047,42.67765,40.25242,False,2,4
740,0.9066918832032899,0.11700805284014104,15,"[0, 1]",Paola,26.466228,59.89454,93.11873,114.41307,97.702354,28.012695,68.98735,76.05971,72.16646,35.618927,False,2,2
741,0.9587842020943936,0.07720811460866814,16,"[0, 1]",Paola,78.07778,140.56122,92.04664,119.19312,128.36734,64.334145,47.54301,58.204357,85.13403,41.250996,False,2,4
742,0.9364848384936902,0.10442493782888376,17,"[0, 1]",Paola,58.93237,14.053018,66.37111,66.811134,109.86453,59.094288,25.902325,56.027115,83.16903,42.164097,False,2,2
743,0.7930831449879222,0.24291964331295296,0,"[1, 0]",Paola,40.889763,33.594093,74.47762,37.57987,73.94227,97.83189,83.540504,90.47194,102.1651,112.6403,True,2,5
744,0.8639345487237254,0.211779545517379,1,"[1, 0]",Paola,62.10348,15.3761015,58.02644,51.03014,113.36446,54.368496,80.19211,61.281155,93.92944,102.980934,True,2,5
745,0.8435020274283973,0.22230590586502527,2,"[1, 0]",Paola,38.434864,51.45561,49.904076,53.39319,118.51182,84.10371,67.54582,42.380352,133.41856,111.33841,True,2,5
746,0.878739064811848,0.1890126118143545,3,"[1, 0]",Paola,61.090153,52.5519,22.363543,65.46823,110.125854,41.60626,49.039894,90.93468,131.94388,86.75723,True,2,1
747,0.9036359521230668,0.1586299959696646,4,"[1, 0]",Paola,5.213381,82.168045,37.839157,45.800365,86.54314,55.00554,63.555412,75.770294,109.55464,105.305176,True,2,1
748,0.8619695118100469,0.2101246960913404,5,"[1, 0]",Paola,113.50627,71.9814,57.447803,49.76472,109.78722,52.861504,57.50881,78.90129,102.55139,103.9296,True,2,5
749,0.6941756560503913,0.2610244130719601,6,"[1, 0]",Paola,42.213688,32.43404,67.10338,33.722324,54.315113,52.533062,64.42258,81.05591,112.84526,82.3587,True,2,5
750,0.8700766043644811,0.1795311478991485,7,"[1, 0]",Paola,77.520584,34.664177,46.236996,46.462475,96.18106,54.37856,69.77109,75.26018,118.81168,61.040108,True,2,1
751,0.876617297938555,0.19167956818250892,8,"[1, 0]",Paola,68.13472,27.562452,41.652584,39.35628,116.20924,72.51541,47.222702,56.678333,123.02678,77.775375,True,2,1
752,0.9190701391803241,0.14298558016686844,9,"[1, 0]",Paola,74.48677,70.750145,77.79194,45.978783,105.63295,53.532524,40.04434,81.55748,87.43886,67.530045,True,2,7
753,0.8706444607638357,0.19474306974792402,10,"[1, 0]",Paola,65.37484,25.635881,44.057484,56.357067,101.50884,54.769054,55.096394,36.6236,123.984795,97.54053,True,2,1
754,0.8377501365104624,0.21937557852309797,11,"[1, 0]",Paola,69.29974,67.61993,81.51461,67.179054,106.68639,55.324585,72.83983,46.43954,139.74184,71.99717,True,2,5
755,0.8917459984549514,0.17384773307562815,12,"[1, 0]",Paola,60.63077,92.99576,60.964134,33.41942,106.718,92.47807,45.753372,34.38294,109.25412,169.86134,True,2,1
756,0.5106720787161685,0.29294006267977835,13,"[1, 0]",Paola,54.495,32.567287,24.59506,41.50524,92.35983,44.95266,77.64014,42.397022,145.07262,72.39876,True,2,5
757,0.8759397829334343,0.19003582791113585,14,"[1, 0]",Paola,52.922455,67.454834,47.413357,37.66093,96.486015,99.81205,60.629498,67.73095,138.61328,104.688995,True,2,1
758,0.4606988318159715,0.27968680321068684,15,"[1, 0]",Paola,33.96791,61.58945,45.920452,30.829292,72.19212,63.408646,69.20922,61.22168,96.461136,99.71437,True,2,5
759,0.8458707538474647,0.22049143151377926,16,"[1, 0]",Paola,60.457718,49.933315,15.187626,43.08398,114.28536,26.806078,37.832073,67.39991,110.73761,66.84977,True,2,5
760,0.6624616216189525,0.2733159319307324,17,"[1, 0]",Paola,70.68304,75.85294,28.306574,46.580715,87.96771,89.30663,34.375736,82.11726,93.05534,86.23353,True,2,5
761,0.8874568865528432,0.1714831824449353,18,"[1, 0]",Paola,55.56316,63.5396,73.85324,40.70499,78.88027,91.67348,62.880676,63.9643,121.03427,65.52487,True,2,1
762,0.8201224300617869,0.19646753628980354,19,"[1, 0]",Paola,32.85643,33.5175,105.51123,34.79616,103.12814,85.22451,81.54724,55.10985,132.39383,88.96921,True,2,5
763,0.710493612924864,0.25419461371371027,0,"[0, 1]",Paola,114.401474,85.620705,126.654724,112.41695,80.38595,89.548134,28.936026,88.741776,89.55849,83.93715,False,2,5
764,0.8808250368579593,0.17380655591466235,1,"[0, 1]",Paola,20.626331,11.9773855,45.072567,75.85004,113.45484,64.61472,62.40778,49.489548,119.21643,71.45754,False,2,1
765,0.7523047829607532,0.2277565326899937,2,"[0, 1]",Paola,153.87619,97.42539,59.030605,54.607105,57.674053,43.133022,60.46978,85.93694,86.90455,99.40059,False,2,5
766,0.7769873208862483,0.23692740412063543,3,"[0, 1]",Paola,114.56378,127.820984,105.344864,108.904076,91.75582,52.3433,35.938232,74.37186,62.019585,59.313126,False,2,5
767,0.6478621346032193,0.26145162290191565,4,"[0, 1]",Paola,115.273155,82.698494,58.88812,61.052383,67.505196,48.672344,73.46589,73.910065,39.39417,56.18075,False,2,5
768,0.7503799770652788,0.234221056073585,5,"[0, 1]",Paola,61.950153,36.826687,92.694374,130.99092,74.268105,57.009014,81.64546,75.75273,57.42454,61.22122,False,2,5
769,0.8301569668434662,0.21774470968389203,6,"[0, 1]",Paola,69.87098,121.55566,113.44885,91.16202,79.02882,81.514175,98.69666,12.75365,70.95091,51.529537,False,2,5
770,0.7937979058930241,0.23416268749686847,7,"[0, 1]",Paola,127.427,48.974957,67.8329,43.463444,108.0971,64.96252,23.328117,21.009962,118.83536,62.137074,False,2,5
771,0.626204675772218,0.27655630869335307,8,"[0, 1]",Paola,30.712936,47.808826,37.507046,42.831547,85.17439,58.3393,41.548977,93.577255,90.92268,59.392185,False,2,5
772,0.7446478448574434,0.24741447181250006,9,"[0, 1]",Paola,115.2513,119.471054,138.06598,140.9593,57.67993,48.69138,54.46351,73.061424,54.03279,29.775026,False,2,5
773,0.7596202904057059,0.24526694994182463,10,"[0, 1]",Paola,114.11365,95.13347,30.239393,89.43062,91.932755,34.02497,63.188557,22.692814,108.46642,51.328697,False,2,5
774,0.43447108738694357,0.25946763199504785,11,"[0, 1]",Paola,111.122375,24.752512,69.488365,61.110622,42.109646,67.28747,20.753834,79.778435,48.49764,57.424316,False,2,5
775,0.7851086727577689,0.22613024596485443,12,"[0, 1]",Paola,7.934881,26.694841,98.458046,88.403206,126.47971,42.127697,66.608826,67.65852,69.52707,71.83045,False,2,5
776,0.7903585128365436,0.2278201591815264,13,"[0, 1]",Paola,47.208458,31.593863,55.76,101.10173,84.586494,84.88813,43.115692,85.5067,75.92191,65.80725,False,2,5
777,0.7630785454874647,0.24795858127557704,14,"[0, 1]",Paola,64.78966,33.110332,93.10132,88.68245,78.780685,75.30228,63.56353,67.43851,61.249546,29.210333,False,2,5
778,0.6369325829659804,0.26521843156760777,15,"[0, 1]",Paola,66.396645,47.13023,31.302513,0.9756538,93.07144,64.155075,80.792114,66.81115,97.25429,66.0016,False,2,5
779,0.826400418026988,0.2022061669632275,16,"[0, 1]",Paola,108.31459,120.73158,159.3538,84.15094,70.970764,33.183186,59.73174,103.358795,94.64314,44.124557,False,2,5
780,0.7001565008232321,0.2768830923701559,17,"[0, 1]",Paola,94.776505,79.19333,44.295345,114.78508,55.125423,95.405266,91.53527,98.307594,76.78681,62.043102,False,2,5
781,0.9492186941061544,0.09817783155843221,0,"[1, 0]",Paola,49.717014,47.189957,36.922173,41.42756,150.75046,149.23022,142.68892,81.83243,49.211334,27.345713,True,0,2
782,0.9417636481243347,0.11279612293244787,1,"[1, 0]",Paola,50.13374,46.41089,40.954445,48.54275,134.42044,121.42325,144.66904,75.8717,74.711624,59.206245,True,0,8
783,0.9442836489747077,0.1081428873286159,2,"[1, 0]",Paola,69.97444,41.730206,70.67828,63.79572,131.14407,101.05642,140.78464,99.4635,55.362705,61.011097,True,1,2
784,0.9453620958389036,0.10728414544075877,3,"[1, 0]",Paola,49.62798,54.65105,38.00176,50.844303,121.451,94.841225,137.15347,104.169426,83.078735,37.437233,True,0,2
785,0.9480405618331817,0.0995899235647174,4,"[1, 0]",Paola,53.740658,31.207203,41.52323,41.821266,163.8147,76.913216,112.323395,114.20456,74.71175,61.532238,True,0,2
786,0.9406220312691661,0.10891074313233401,5,"[1, 0]",Paola,49.041737,30.761877,34.073532,49.820343,100.006714,74.86023,95.277664,139.43625,59.359547,27.639896,True,0,2
787,0.9432576370344629,0.10947144716214334,6,"[1, 0]",Paola,41.713413,46.529484,24.376608,35.822407,145.43582,117.84914,111.69098,83.542114,85.20302,46.743343,True,0,2
788,0.9210327232575675,0.1304036963812264,7,"[1, 0]",Paola,69.62729,36.279324,34.07362,40.21228,76.72392,79.86099,99.808685,136.38457,76.96384,45.675568,True,0,0
789,0.9440721298546949,0.10733146765349719,8,"[1, 0]",Paola,38.941303,54.669846,58.812534,47.01264,118.568214,156.70241,93.151726,129.78992,86.97154,41.58109,True,-1,2
790,0.9454787506034776,0.10193213014571621,9,"[1, 0]",Paola,56.009968,61.88995,49.23449,32.25133,119.95828,117.65954,103.58971,117.65873,85.26542,33.14515,True,-1,2
791,0.9432889811592646,0.10602918906277967,10,"[1, 0]",Paola,40.4665,26.850994,29.761333,24.557373,129.69913,121.5589,123.66907,109.69525,45.336964,33.104115,True,0,2
792,0.9461743685397379,0.104602932885814,11,"[1, 0]",Paola,62.26826,34.730297,23.92897,30.119444,130.92589,78.67113,109.73364,112.669846,40.03777,47.33198,True,0,2
793,0.9404331548509978,0.11239057580405638,12,"[1, 0]",Paola,63.95673,46.5534,30.109495,52.687218,143.95158,134.0435,44.551006,132.20491,70.426575,58.05511,True,0,8
794,0.9406185305802918,0.10659211009873591,13,"[1, 0]",Paola,40.74826,40.00324,47.116642,36.111053,98.66056,132.88312,115.470276,79.1968,78.713715,48.074596,True,0,2
795,0.9341777013331427,0.11874667620517998,14,"[1, 0]",Paola,62.005726,47.621323,52.10567,28.60173,118.667145,110.26955,105.79652,89.91223,65.1046,57.15741,True,0,8
796,0.9335308452565887,0.1162672169352892,15,"[1, 0]",Paola,43.6972,38.753918,30.690935,42.675274,125.84375,114.46657,81.66704,133.71054,62.0365,46.2665,True,0,8
797,0.9445569026749672,0.10296005791560209,16,"[1, 0]",Paola,43.93793,44.32169,41.07107,15.749199,84.26779,86.97011,131.64464,73.150185,71.942665,20.083271,True,-1,2
798,0.9430990114867234,0.10820373630208584,17,"[1, 0]",Paola,50.58184,41.39472,44.169693,38.333782,106.22043,98.62669,161.13417,121.107574,50.66605,32.1628,True,0,2
799,0.9306009771223948,0.12301324361420682,0,"[1, 0]",Paola,23.290277,24.665852,56.657043,28.006098,85.3049,121.824265,133.26956,116.42489,56.43982,35.557575,True,0,0
800,0.9265434454903801,0.12958763724414396,1,"[1, 0]",Paola,35.801956,27.586508,42.964592,39.143375,114.57521,103.61371,113.34332,27.294699,45.35223,52.965137,True,-1,0
801,0.9224202221069733,0.1323654670920886,2,"[1, 0]",Paola,37.844242,31.067654,27.124853,25.653399,144.15976,102.548645,103.55719,124.95886,59.555492,44.0209,True,0,0
802,0.9266185780945853,0.1295980183298138,3,"[1, 0]",Paola,31.036396,33.811466,36.44813,19.67262,115.1719,80.15457,135.21765,163.14543,45.33096,39.20249,True,0,0
803,0.9222240265056856,0.13494121620098973,4,"[1, 0]",Paola,24.271164,43.66116,40.885193,20.867739,126.05514,93.30453,132.21222,108.61424,45.181152,39.23071,True,0,0
804,0.9260836010249595,0.13048431364286503,5,"[1, 0]",Paola,34.48871,35.33759,32.564896,35.054283,155.16507,129.49829,145.1204,80.33846,59.52589,31.83901,True,0,0
805,0.9311443860529169,0.1237285385395912,6,"[1, 0]",Paola,51.91293,16.126009,27.385544,35.06308,118.79454,104.7823,104.6597,75.26535,55.185963,33.308693,True,-1,0
806,0.9251980881045392,0.13190100835169163,7,"[1, 0]",Paola,43.526196,24.32337,31.698845,34.02311,147.8233,137.37686,136.19815,80.165535,40.843494,43.161488,True,0,0
807,0.925538318578191,0.1307345503825647,8,"[1, 0]",Paola,45.06987,45.648872,6.580578,27.439852,139.87904,142.54648,64.10142,151.36206,51.425144,50.020824,True,-1,0
808,0.9270461395461477,0.12893180241511268,9,"[1, 0]",Paola,42.880253,35.101727,37.571087,20.637014,131.81898,83.84427,120.80421,96.28161,53.375843,34.51526,True,0,0
809,0.9227614800320775,0.13509387355903096,10,"[1, 0]",Paola,43.246147,24.048555,18.035044,52.480812,124.20933,118.651794,148.33871,165.36697,50.81074,37.1516,True,0,0
810,0.9283380147208212,0.12592898922226642,11,"[1, 0]",Paola,57.797184,27.006052,41.443146,42.38557,155.13145,40.158226,108.15327,123.37075,55.940113,37.741867,True,0,0
811,0.9304809630419911,0.12365673613840628,12,"[1, 0]",Paola,34.456177,32.505314,20.237226,55.356274,93.2806,108.256195,130.04419,146.11162,44.12594,34.08541,True,0,0
812,0.9275734501040541,0.12891291690672443,13,"[1, 0]",Paola,29.45103,27.894524,41.145123,30.768946,111.611404,106.164055,135.085,118.31057,49.431976,41.493675,True,0,0
813,0.9280278401274659,0.12747651815695066,14,"[1, 0]",Paola,68.3351,38.89411,32.21704,38.944183,144.10329,56.915154,65.71159,132.24219,70.67662,34.49439,True,0,0
814,0.9239114873286769,0.13148616741939653,15,"[1, 0]",Paola,51.23827,26.88488,21.8383,33.598324,150.34395,103.26105,114.05858,123.71593,74.265656,56.842113,True,0,0
815,0.9326989314928322,0.12133475204389518,16,"[1, 0]",Paola,46.97617,34.055645,51.262997,31.768496,159.34105,159.04543,132.16504,68.767235,52.414066,66.922554,True,0,0
816,0.9278908428729665,0.1271299834141706,17,"[1, 0]",Paola,48.979794,35.47402,25.758606,46.275158,123.98874,57.104748,101.7735,122.02697,47.54093,55.954628,True,0,0
817,0.9218545918461617,0.13968782143059322,0,"[1, 0]",Paola,74.246414,65.124504,56.003704,63.089996,165.7655,107.57211,107.429756,141.00967,40.445923,28.318808,True,1,7
818,0.9155643841511398,0.14459260827293072,1,"[1, 0]",Paola,80.49259,59.92631,68.741455,67.37713,171.36281,67.601974,101.59381,91.56497,74.44568,36.250774,True,1,7
819,0.9305155188719093,0.12919421555394822,2,"[1, 0]",Paola,87.08342,59.082333,67.38944,55.270382,81.56968,79.99495,71.84355,29.070707,77.039894,6.1894226,True,2,6
820,0.9303407484864785,0.13191047141121182,3,"[1, 0]",Paola,73.84795,61.548607,63.346966,72.05135,115.53642,90.883644,101.1176,79.71961,96.24002,19.281239,True,2,6
821,0.9238133069872562,0.13929656863437465,4,"[1, 0]",Paola,69.11294,79.50132,61.449284,76.924484,128.76262,127.97595,106.97574,110.6498,21.92795,51.27312,True,1,7
822,0.924592889151109,0.13631080557980316,5,"[1, 0]",Paola,75.84867,52.30601,72.9332,72.85657,163.92094,76.21672,115.04858,124.346954,69.66306,-1.1407566,True,1,7
823,0.9349768228212486,0.12196556253417085,6,"[1, 0]",Paola,77.049164,60.23779,55.43171,76.770355,126.02371,90.19062,132.25996,101.59732,38.82618,28.449661,True,1,6
824,0.9321056770847463,0.1270717566689054,7,"[1, 0]",Paola,74.887405,82.624374,68.036,62.472126,93.98199,112.627266,118.80147,99.852684,50.67653,67.57749,True,-1,6
825,0.9230841504743376,0.13840499175047824,8,"[1, 0]",Paola,73.60963,71.09608,77.12248,64.05134,134.29805,111.89139,139.61414,112.43605,45.68656,21.196215,True,1,7
826,0.9304027342507427,0.13146923288832166,9,"[1, 0]",Paola,95.15127,69.50423,57.25632,59.19737,128.62735,121.20684,77.88007,80.1755,58.608707,45.027092,True,1,6
827,0.9294086496586156,0.12976890717166953,10,"[1, 0]",Paola,75.225136,64.321175,74.501236,65.955444,123.41383,81.23397,130.8962,119.995346,72.8962,27.696293,True,1,6
828,0.9280563362180252,0.13290910237110765,11,"[1, 0]",Paola,88.88737,75.52421,62.86661,59.65096,135.45107,89.24579,99.127426,102.33667,40.615673,-4.382863,True,1,6
829,0.9336530989499183,0.12369801570027757,12,"[1, 0]",Paola,63.676952,58.944485,62.412094,74.653046,102.80174,116.59501,97.97842,164.23186,50.13726,49.89249,True,1,6
830,0.9229317603374017,0.13732711873715994,13,"[1, 0]",Paola,79.875145,63.279865,60.861202,67.27428,126.11097,103.35396,102.64615,107.87303,68.73,38.02142,True,1,7
831,0.9350599670765114,0.12045231456941914,14,"[1, 0]",Paola,75.61111,63.36529,58.181767,73.07454,158.70549,107.509155,86.549194,117.74607,92.033905,57.207546,True,1,8
832,0.9263442560180245,0.13515842335241912,15,"[1, 0]",Paola,86.06711,85.63823,72.04847,61.90305,122.71011,108.08705,68.32725,133.77502,60.45698,35.343296,True,1,6
833,0.9298520239830164,0.1305058227681378,16,"[1, 0]",Paola,68.41551,67.67343,70.12552,57.07105,101.1369,108.14953,97.97212,109.29957,62.017197,45.309917,True,1,6
834,0.9337446554050975,0.12439557710243745,17,"[1, 0]",Paola,69.4445,40.96284,67.57927,63.95763,162.40352,90.27924,81.3353,128.32475,74.51634,37.736603,True,1,6
835,0.9248536612139802,0.13117252245344166,0,"[1, 0]",Paola,39.696815,35.307842,45.307446,45.289986,135.53168,126.23152,151.25497,124.29476,48.38235,25.735659,True,0,0
836,0.9386848847292876,0.11307199274003059,1,"[1, 0]",Paola,46.860035,40.666748,22.330364,26.044893,132.96301,132.98741,133.26259,124.392456,41.026524,28.052837,True,0,8
837,0.936997703907554,0.1165206225208331,2,"[1, 0]",Paola,32.436085,39.202175,18.808214,20.52326,114.71338,171.5378,129.14001,129.5143,65.988396,46.56975,True,0,8
838,0.9269694609450088,0.1283849238407339,3,"[1, 0]",Paola,52.149357,41.93674,21.35515,23.734276,141.69421,148.28636,144.84984,111.508316,48.97449,9.045284,True,0,0
839,0.9323582123101176,0.12127381521975716,4,"[1, 0]",Paola,27.337646,31.94864,43.836033,31.061548,82.13558,149.2588,127.68706,93.66028,44.824467,37.488697,True,0,0
840,0.9256751147056391,0.13095964007529567,5,"[1, 0]",Paola,39.275345,38.422424,33.88501,42.46056,119.15967,160.35675,130.1009,127.595024,49.0003,35.78556,True,0,0
841,0.923072915519697,0.1342152732237621,6,"[1, 0]",Paola,49.52086,21.033405,54.99396,32.468536,182.28412,144.10541,127.83212,168.87433,52.063744,23.326239,True,0,0
842,0.9428070572492108,0.10743364440064496,7,"[1, 0]",Paola,47.41734,27.029167,24.534132,34.20947,152.97832,136.43073,155.2582,122.48705,64.253494,30.36835,True,0,2
843,0.945302072994212,0.10644866756752487,8,"[1, 0]",Paola,50.633087,37.284283,28.57977,23.56566,124.66487,110.34352,114.021675,132.41307,43.010677,38.48478,True,0,2
844,0.925485409143214,0.1308813803707565,9,"[1, 0]",Paola,46.475826,31.041372,32.580273,35.282387,180.2131,150.89809,86.53999,169.91003,45.7934,28.945242,True,0,0
845,0.9157207653355818,0.1423557666461448,10,"[1, 0]",Paola,48.88814,37.4647,15.452784,32.95499,136.9663,119.791466,145.9714,127.20469,31.554644,24.528082,True,0,7
846,0.9254335951564076,0.13073339748905347,11,"[1, 0]",Paola,38.57797,37.653336,40.31062,27.56952,162.42293,111.3311,138.06775,149.25536,43.872547,31.098438,True,0,0
847,0.9246738847616284,0.13183905166295512,12,"[1, 0]",Paola,29.948048,26.396017,44.919003,40.26868,113.31855,103.797104,158.23885,159.27258,50.999737,16.735773,True,0,0
848,0.9226260096507752,0.1322416316901459,13,"[1, 0]",Paola,46.296223,41.635857,31.807743,14.209437,164.95969,127.38722,139.43134,128.74104,44.582,31.616781,True,0,0
849,0.9216573447521984,0.1334218356338259,14,"[1, 0]",Paola,43.223186,24.762325,16.45371,28.505384,199.02943,149.69655,104.74425,165.8242,51.632427,15.788589,True,0,0
850,0.917396772979569,0.13756778967752906,15,"[1, 0]",Paola,38.596333,31.81191,17.097239,29.471502,120.07082,149.65186,144.56573,115.38587,48.41576,21.996592,True,0,7
851,0.9267006161163237,0.12853445294869004,16,"[1, 0]",Paola,42.949127,28.714018,49.17616,14.862655,192.12479,140.60825,74.24899,98.07419,47.70691,37.36295,True,0,0
852,0.928516526088367,0.1265856207112002,17,"[1, 0]",Paola,43.085926,39.25228,16.101257,32.045227,194.46523,153.97324,101.14537,96.719406,50.98444,30.90684,True,0,0
853,0.8763933076930306,0.17866915930499427,0,"[0, 1]",Paola,78.417015,77.45872,58.215504,55.84113,102.34459,60.933777,69.35656,66.20078,69.52541,44.1598,False,2,1
854,0.8559034043154127,0.18815347259469906,1,"[0, 1]",Paola,91.6561,94.29371,57.22102,52.252842,77.06784,90.103966,114.6382,59.29733,22.825556,46.400505,False,2,1
855,0.8321423248203379,0.2375200004671976,2,"[0, 1]",Paola,90.99342,109.47189,72.4305,18.857737,84.106964,72.59729,74.60437,73.39995,85.5303,75.02868,False,2,5
856,0.8318753946998377,0.2058861541621593,3,"[0, 1]",Paola,108.86396,121.16397,122.40868,73.13409,80.16463,26.12491,75.811935,90.18728,71.44389,17.690336,False,2,5
857,0.8518550976696128,0.2006648470305112,4,"[0, 1]",Paola,107.2185,82.19442,66.66081,36.744194,92.78958,82.12153,79.47798,80.5948,46.935684,21.012857,False,2,5
858,0.7976602213443973,0.23618521454331845,5,"[0, 1]",Paola,47.039364,53.13512,61.49986,72.12014,114.11395,58.550976,85.35991,64.1506,89.529,35.642487,False,2,5
859,0.8168944660308076,0.23551705523686334,6,"[0, 1]",Paola,75.500565,99.86484,128.43059,64.71692,131.59474,89.79202,79.12028,58.081203,61.181446,55.350796,False,2,5
860,0.7274914694048829,0.28189228246423537,7,"[0, 1]",Paola,118.358345,87.21332,83.941574,49.214127,76.955536,72.5978,67.84433,87.36298,78.34082,27.503521,False,2,5
861,0.8173677709943954,0.22492029386695134,8,"[0, 1]",Paola,124.73427,94.96713,158.671,130.69029,115.291336,55.79533,81.140175,34.506374,53.438313,41.480434,False,2,5
862,0.7553790370357472,0.25290105011736136,9,"[0, 1]",Paola,61.358562,91.95552,77.174644,111.53462,81.65121,61.125046,58.03943,35.123585,76.47816,40.77874,False,2,5
863,0.8347302250227339,0.21333984086970634,10,"[0, 1]",Paola,147.13223,113.92543,88.87677,88.99875,83.99262,65.98277,90.21102,59.6962,75.41036,51.79876,False,2,5
864,0.8367900163634737,0.2258701407517262,11,"[0, 1]",Paola,120.23358,91.63904,19.586031,50.47044,67.00904,83.21813,42.83309,45.105392,51.38575,94.524704,False,2,5
865,0.8613717655715772,0.1934203366407965,12,"[0, 1]",Paola,138.1836,158.68933,114.708115,112.68948,31.595652,64.89754,53.19444,70.15706,17.979036,60.60381,False,2,5
866,0.5437561103650496,0.32806089319712856,13,"[0, 1]",Paola,62.930523,97.24704,109.42073,129.88591,44.343708,64.911514,56.753086,102.10884,62.77184,16.688286,False,2,5
867,0.6536699671693461,0.30264228678119626,14,"[0, 1]",Paola,94.19457,107.261505,102.01735,114.17175,120.24039,41.07608,59.255367,79.54997,43.48084,18.506567,False,2,5
868,0.7780337787858328,0.24722514412626395,15,"[0, 1]",Paola,113.60397,104.439545,124.68437,124.4192,86.55671,47.820972,74.890564,52.458267,75.273964,35.26363,False,2,5
869,0.5831551792192989,0.27810106162357084,16,"[0, 1]",Paola,102.699066,115.29408,126.82274,112.7018,57.47078,32.51386,79.036514,57.96683,65.30428,14.742572,False,2,5
870,0.6136428033557189,0.32340285688815834,17,"[0, 1]",Paola,117.06075,115.841034,69.90291,120.30051,72.14909,58.676884,74.98819,75.50237,56.636127,68.77075,False,2,5
871,0.6605957987689592,0.26452597678336376,0,"[1, 0]",Paola,27.420244,29.657919,49.361156,48.25949,117.616806,124.864525,72.2945,75.25563,93.619446,80.03308,True,0,5
872,0.5795317880736608,0.27171702418799576,1,"[1, 0]",Paola,55.15494,30.922342,49.535934,20.17071,91.11627,55.736687,59.418194,96.320724,73.26394,79.64267,True,2,5
873,0.8269832043763927,0.2186318667871217,2,"[1, 0]",Paola,62.778866,44.978428,47.206474,41.08668,70.47814,68.0939,36.181683,72.77001,46.263573,108.46645,True,2,5
874,0.795653455183705,0.23047493110388328,3,"[1, 0]",Paola,60.166813,73.25627,55.45583,65.14676,79.32728,83.44183,57.826366,66.76772,93.819115,104.972595,True,2,5
875,0.8982417081400531,0.17793769946913773,4,"[1, 0]",Paola,96.855515,77.02377,37.20364,55.863205,75.21605,72.16054,61.19813,78.38202,108.60091,59.087215,True,2,9
876,0.8686878072355008,0.1886760785149875,5,"[1, 0]",Paola,81.008446,-17.31908,26.380617,47.190353,92.291725,44.070023,83.25095,55.883106,107.01206,99.5139,True,2,1
877,0.8799028767653487,0.17774113832970442,6,"[1, 0]",Paola,55.38274,56.721252,47.283165,39.90747,152.90257,49.558765,81.05147,46.85164,107.33803,82.22164,True,2,1
878,0.8435626455942905,0.20374755767930983,7,"[1, 0]",Paola,44.311157,49.8591,41.684216,31.889029,115.36429,62.922825,106.24301,76.86702,109.49778,92.59795,True,2,5
879,0.8766323460034163,0.18329064479218682,8,"[1, 0]",Paola,106.32831,23.122782,28.796381,84.45227,112.30908,59.62073,59.66438,82.506,112.968094,77.18125,True,2,1
880,0.8898374456859734,0.18163038738331558,9,"[1, 0]",Paola,48.80818,37.433216,61.324024,53.71481,102.16868,40.573708,54.437428,80.471344,68.41133,95.63585,True,2,1
881,0.825795347088169,0.22659304102586705,10,"[1, 0]",Paola,67.010155,30.038084,26.899527,66.93296,94.14095,46.657948,79.12918,52.874535,79.484634,86.12952,True,2,5
882,0.8072508266237348,0.2416929453697224,11,"[1, 0]",Paola,65.5305,29.448103,36.85773,51.210873,67.80313,94.89122,76.699295,59.736065,44.241577,66.085785,True,2,5
883,0.8873360786446737,0.18907423021404746,12,"[1, 0]",Paola,47.5008,46.7956,67.76408,70.74339,93.504166,92.091324,75.08855,27.166044,74.71556,78.232574,True,2,1
884,0.9052219721718318,0.174897430464799,13,"[1, 0]",Paola,23.404648,43.29301,69.07364,38.46623,29.009888,68.52003,93.009995,50.517643,55.248,79.41905,True,2,3
885,0.8365528964388589,0.21220750899993357,14,"[1, 0]",Paola,49.269787,46.281948,66.56505,49.99905,97.29787,108.177444,68.21834,60.271515,84.33639,112.01538,True,2,5
886,0.9045260524728111,0.17015711451104612,15,"[1, 0]",Paola,90.95826,54.664516,47.748104,59.246616,96.752716,63.60378,44.192806,70.259415,106.93718,94.30969,True,2,1
887,0.8644067364875889,0.2048788249108235,16,"[1, 0]",Paola,32.267273,38.79375,27.107504,23.594158,105.27821,63.618195,33.815296,60.17705,90.25699,81.31056,True,2,5
888,0.8735527521415025,0.18877669861621457,17,"[1, 0]",Paola,36.74781,44.702732,55.558445,43.00868,102.37654,83.11699,27.034142,52.92921,101.24411,107.92526,True,2,1
889,0.8790184294214534,0.18019200219289752,18,"[1, 0]",Paola,57.628574,43.181305,37.683067,25.411303,103.93199,53.969154,37.081303,49.249058,127.864395,67.84732,True,2,1
890,0.874760748134633,0.200091369293496,19,"[1, 0]",Paola,18.731752,81.98234,24.870584,47.95479,90.97693,72.96179,69.10032,75.273026,86.35125,77.71528,True,2,5
891,0.922443297623959,0.15250710064365255,0,"[0, 1]",Paola,60.992626,81.46965,83.297104,85.47177,108.732086,106.68123,34.887344,73.55585,94.55095,86.02334,False,2,3
892,0.9259141393029972,0.1477781306170143,1,"[0, 1]",Paola,50.69746,95.18925,70.65276,80.88783,108.15864,81.9828,61.60701,49.22459,92.269806,54.902744,False,2,3
893,0.9093437072588861,0.17603298442471363,2,"[0, 1]",Paola,45.902004,62.118168,96.15332,71.43446,129.19806,71.033745,101.75455,104.65925,77.70914,86.03638,False,2,3
894,0.9148744432925762,0.16723368004424577,3,"[0, 1]",Paola,99.90462,84.965256,84.53499,103.7987,96.35761,99.98539,76.923035,60.674477,46.217556,80.78818,False,2,3
895,0.8999061743089805,0.1883847185409331,4,"[0, 1]",Paola,92.201416,101.72059,77.68525,79.53729,128.80081,68.802574,148.47523,75.13927,79.68756,59.84918,False,2,3
896,0.9070038337891636,0.1789896909472723,5,"[0, 1]",Paola,83.43854,105.05375,57.8764,80.813545,132.9003,99.67619,72.15698,82.68805,93.74274,73.8912,False,2,3
897,0.9038906326766979,0.1818107413809154,6,"[0, 1]",Paola,76.48455,44.18667,75.97787,60.004116,141.74727,85.26128,113.93738,94.2141,85.97939,48.402973,False,1,3
898,0.9176734620776775,0.16173907809554455,7,"[0, 1]",Paola,103.979645,66.92905,83.81586,100.48718,107.78367,91.9249,134.7719,107.4656,101.99292,74.34614,False,2,3
899,0.9224878097769403,0.15327234366243808,8,"[0, 1]",Paola,92.86946,93.116,77.34481,90.9417,106.91521,103.82807,82.24228,65.81806,94.71573,43.758495,False,2,3
900,0.9129481371076409,0.16897339431485286,9,"[0, 1]",Paola,104.25809,69.11181,74.4843,60.29414,115.89026,79.68593,64.311935,113.9046,105.96703,76.531235,False,2,3
901,0.9137775634689137,0.16854731948779453,10,"[0, 1]",Paola,71.34687,73.70654,46.932907,33.125355,102.75456,124.92612,88.04103,103.9219,63.86038,93.558075,False,-1,3
902,0.9127995465973318,0.17032914829172338,11,"[0, 1]",Paola,82.62769,72.66832,53.000744,95.22794,116.36844,115.11956,75.91461,72.03811,107.56007,120.25841,False,2,3
923,0.9479531905234891,0.08941167489313986,0,"[0, 1]",Paola,91.51872,94.1856,92.0632,103.61478,99.83435,60.651516,89.2954,45.995213,29.004742,24.136322,False,2,4
924,0.9238660005558551,0.11226835847687408,1,"[0, 1]",Paola,65.64787,72.91555,58.65614,59.345097,95.61138,62.44304,86.825325,57.954838,34.962162,14.959029,False,2,2
925,0.9300677918089377,0.10927189936606393,2,"[0, 1]",Paola,56.327934,29.972544,84.25112,46.376476,95.17412,91.21633,72.722916,104.213394,40.244026,16.817696,False,2,2
926,0.94201580586104,0.09078129198641671,3,"[0, 1]",Paola,62.911617,49.974957,74.380585,75.0619,95.779976,87.86316,41.44173,66.094376,59.038837,10.655412,False,2,2
927,0.9395391603155582,0.10110361186956413,4,"[0, 1]",Paola,94.26281,38.43071,49.86233,66.89093,72.91378,120.45636,58.752735,54.408695,67.52935,41.579216,False,2,2
928,0.8487467989887789,0.16892099616073827,5,"[0, 1]",Paola,89.722,78.24872,108.43965,49.777866,117.535805,59.37563,49.22897,47.042797,77.740295,9.434192,False,2,1
929,0.9463724223500314,0.09603964210943863,6,"[0, 1]",Paola,113.883545,84.92113,57.19516,67.35741,100.78941,73.821556,74.18291,67.85119,52.4705,25.923014,False,2,2
930,0.8895063571088362,0.15045350524151518,7,"[0, 1]",Paola,69.0775,62.872402,32.45164,37.771175,95.11772,104.953766,105.29017,80.78505,50.330624,21.118742,False,2,1
931,0.9512042437315472,0.08766241630768636,8,"[0, 1]",Paola,55.021618,79.51602,83.941986,72.22217,79.77136,59.223427,71.603065,24.85417,49.983685,32.69332,False,2,4
932,0.9362231722222671,0.10479590932777337,9,"[0, 1]",Paola,52.201633,8.536994,56.10106,74.56867,104.21548,60.512295,60.376766,98.197205,53.80329,21.702358,False,2,2
933,0.9374049327832751,0.1010172652702421,10,"[0, 1]",Paola,57.014893,54.102695,78.898674,83.87344,14.054633,70.931725,82.12969,93.77945,7.295962,63.742077,False,2,2
934,0.942311928805692,0.0992696826605939,11,"[0, 1]",Paola,86.11985,73.07909,83.970406,62.67441,90.705315,63.291553,40.437508,93.050735,43.573566,13.812619,False,2,2
935,0.9384340887829086,0.10535587650072263,12,"[0, 1]",Paola,62.613018,32.375595,56.50962,43.576477,45.324974,80.61734,104.25434,101.21878,15.526575,31.690042,False,2,2
936,0.9507841942327263,0.08894673683919474,13,"[0, 1]",Paola,53.259712,59.52712,41.343414,75.89952,94.69272,50.016617,53.51917,65.56191,47.221043,-1.2742085,False,2,4
937,0.9430588532458068,0.09955695761953838,14,"[0, 1]",Paola,78.17189,20.921787,33.77522,38.272648,102.3199,55.270607,106.93358,73.37766,51.075047,18.935877,False,2,2
938,0.9493980177185117,0.09282464618118022,15,"[0, 1]",Paola,45.41106,74.253525,56.383842,23.033722,93.3738,108.36188,70.33165,72.13692,74.37744,37.54394,False,2,4
939,0.9149165478646143,0.12596156788350873,16,"[0, 1]",Paola,73.18336,95.0094,47.16788,89.20801,94.51107,71.4243,91.91201,71.22873,28.252699,10.494491,False,2,2
940,0.9590434616430757,0.07813754656729988,17,"[0, 1]",Paola,51.850628,29.356157,66.98973,91.44422,109.61441,1.6777165,102.02663,64.38191,60.173035,-5.4602957,False,2,4
941,0.93159023152246,0.12184859819577928,0,"[1, 0]",Paola,22.75385,17.32373,30.135895,28.266336,133.28438,103.14611,129.31474,142.292,44.030266,44.225452,True,0,0
942,0.9314924214753196,0.12038051071984467,1,"[1, 0]",Paola,27.678339,34.867523,27.01309,16.022968,71.944916,122.49907,144.40868,126.59916,48.829678,44.17577,True,0,0
943,0.9313942770912054,0.12234000435218972,2,"[1, 0]",Paola,37.80242,12.888436,52.535107,41.37315,150.28607,93.96197,124.31998,133.21094,44.02137,26.156843,True,0,0
944,0.9307785563710296,0.122596208424403,3,"[1, 0]",Paola,40.74517,12.747514,20.182482,24.149605,141.27087,145.00957,116.76768,113.0797,43.148045,39.332504,True,0,0
945,0.9315831207355969,0.12229389321552432,4,"[1, 0]",Paola,35.763374,19.16306,26.795374,21.951649,139.29265,124.25476,143.90598,116.3564,41.790546,15.234977,True,0,0
946,0.9238186144285533,0.13181995204235147,5,"[1, 0]",Paola,36.078472,9.7673,17.821127,16.756582,129.53824,109.41275,90.60612,56.542847,39.03507,25.35166,True,0,0
947,0.931449306009625,0.12181451460801689,6,"[1, 0]",Paola,28.722391,15.009536,9.836968,22.007706,167.81941,125.06171,124.744774,94.56544,56.77915,26.771875,True,0,0
948,0.9266753383142401,0.12866976969158356,7,"[1, 0]",Paola,21.922745,40.435165,51.07761,22.769463,152.913,157.0735,150.36214,144.60365,45.440105,41.926235,True,0,0
949,0.928329388539115,0.1259424548280273,8,"[1, 0]",Paola,50.986492,24.321787,34.713467,14.354797,158.51265,101.62808,158.05484,96.181404,48.117203,27.06732,True,0,0
950,0.9087482321587902,0.14431452199147551,9,"[1, 0]",Paola,31.544687,31.11777,8.729323,11.190703,112.44297,116.565475,86.50974,125.42218,44.645443,36.083794,True,0,7
951,0.9317130084452253,0.12107302799640537,10,"[1, 0]",Paola,54.009853,21.8541,30.138987,13.886978,113.922485,99.45791,98.435684,114.07497,36.151318,36.923435,True,0,0
952,0.9314220119809744,0.12146358085096154,11,"[1, 0]",Paola,66.27002,69.23637,67.92232,65.08112,181.3516,73.95999,104.51478,122.77522,44.202045,23.360285,True,1,0
953,0.926523210924165,0.12827879791605745,12,"[1, 0]",Paola,53.770226,36.58475,17.685432,10.100478,126.60276,109.56487,110.57042,96.750336,52.7441,43.171032,True,0,0
954,0.9313298242782191,0.12205183853827462,13,"[1, 0]",Paola,38.732323,14.552842,24.080996,33.803215,133.40477,114.43543,119.90728,113.03649,47.972256,23.47352,True,0,0
955,0.9293721355715148,0.12596536114028828,14,"[1, 0]",Paola,28.162306,18.915249,33.377415,44.097794,148.4237,128.79662,125.68092,111.55432,60.970272,31.57884,True,0,0
956,0.9235184579623404,0.13031973511319933,15,"[1, 0]",Paola,23.363976,14.288739,15.429451,24.904184,130.80983,84.290855,142.44478,132.53658,57.23208,32.841972,True,0,0
957,0.9283248948343831,0.12778133151617868,16,"[1, 0]",Paola,32.147568,24.100782,10.712738,36.919598,148.7126,137.29349,120.5831,144.89307,46.36037,35.094906,True,0,0
958,0.9323391242180578,0.1213402320718119,17,"[1, 0]",Paola,38.34377,19.710716,22.092264,25.523737,136.04085,118.04929,124.809135,97.639145,39.97733,24.513489,True,0,0
959,0.9276372003035036,0.12737200482416508,0,"[1, 0]",Paola,46.936092,38.955387,38.85542,47.328335,164.34416,119.97803,135.88666,120.94997,45.458096,35.20487,True,0,0
960,0.9287697471242999,0.12706457743509672,1,"[1, 0]",Paola,50.249092,54.14973,45.548866,37.677067,115.35587,184.08287,70.55946,139.01476,47.928646,34.131283,True,-1,0
961,0.9260743709322641,0.12892625489107803,2,"[1, 0]",Paola,37.78415,44.99136,55.90263,43.807392,135.8036,170.48338,117.65588,83.61908,49.215935,23.248285,True,0,0
962,0.930689034155343,0.12265957928736543,3,"[1, 0]",Paola,62.48806,38.92152,52.396572,29.306496,164.84064,97.40856,152.67337,113.09143,60.14202,16.627737,True,0,0
963,0.9341923902377474,0.11808516694102782,4,"[1, 0]",Paola,72.838455,52.815563,46.93604,40.561413,164.86755,169.34448,152.38687,122.9556,42.6948,29.39229,True,0,8
964,0.9151806324428737,0.13313180008655212,5,"[1, 0]",Paola,41.719997,45.553112,48.10341,47.300587,132.46855,102.23563,106.70002,142.89427,43.398098,14.021335,True,0,0
965,0.9325770026153613,0.11996310193723783,6,"[1, 0]",Paola,38.850784,40.554142,55.097878,29.041956,176.12267,116.77324,144.52165,79.676605,56.15188,27.464094,True,0,0
966,0.9307026802604768,0.12136895931231345,7,"[1, 0]",Paola,55.466824,14.277082,45.340286,29.737791,144.61551,88.994385,163.52837,128.13033,41.2092,26.812819,True,0,0
967,0.9282513568539968,0.12712001752804736,8,"[1, 0]",Paola,29.500174,40.702293,33.129784,37.50562,130.34819,129.17546,120.77347,91.1299,41.96739,39.103138,True,0,0
968,0.9339686240546682,0.11743684973770895,9,"[1, 0]",Paola,39.52479,71.77155,66.87043,40.90387,147.5879,128.3745,86.955284,131.28156,36.285328,29.921686,True,1,8
969,0.9360879960225226,0.1149896272839655,10,"[1, 0]",Paola,66.439896,54.12076,38.60358,41.97467,169.39374,114.75546,154.22113,144.17522,29.144316,33.968483,True,0,8
970,0.9339157930643796,0.11834608107550246,11,"[1, 0]",Paola,52.339622,31.70305,37.49945,18.66619,107.45191,61.081158,129.84462,162.41655,55.360348,19.1373,True,0,8
971,0.9365193601477622,0.11246071692106208,12,"[1, 0]",Paola,44.37812,41.24647,58.46455,45.52891,68.80771,145.47612,126.46796,54.28673,56.268444,42.94899,True,0,8
972,0.9343492769038445,0.11682968159329922,13,"[1, 0]",Paola,38.182297,55.27179,34.503857,35.276737,132.17117,144.84935,114.07299,117.0147,38.65607,32.399998,True,0,8
973,0.9369521865601581,0.1135495072800931,14,"[1, 0]",Paola,27.412645,42.956417,35.277008,36.44399,129.67085,121.16422,144.25711,116.384895,33.445038,35.034306,True,0,8
974,0.9348862399686285,0.11806054192525971,15,"[1, 0]",Paola,44.8473,16.674059,23.523214,26.593332,122.57787,155.07994,147.33128,111.26023,40.36752,28.384768,True,0,8
975,0.9313295643927264,0.12126557381811456,16,"[1, 0]",Paola,31.45424,53.673916,43.71391,18.14615,164.99883,149.58409,125.78147,134.50667,43.188335,28.301466,True,0,0
976,0.9345686346432289,0.1176736511385619,17,"[1, 0]",Paola,42.05962,47.186222,25.326601,23.577646,113.80238,150.09315,133.16129,122.88966,54.930157,41.762016,True,0,8
977,0.9025988921702048,0.18725362650303146,0,"[0, 1]",Paola,74.06891,53.67336,52.663597,40.337933,104.11614,71.55744,52.376904,78.06462,79.05255,46.266712,False,2,3
978,0.9130330912956997,0.16948470052211848,1,"[0, 1]",Paola,84.155266,34.789715,47.858204,60.05026,84.983635,132.22246,69.442604,58.308727,59.33546,53.609882,False,2,3
979,0.9167061773563877,0.16417297581345155,2,"[0, 1]",Paola,88.91295,50.14503,42.978252,65.479454,81.14184,80.544685,98.951515,72.09523,36.624893,46.853195,False,2,3
980,0.9159979096006791,0.1633718298222525,3,"[0, 1]",Paola,73.01381,44.057373,106.02167,57.185646,97.18497,87.73578,88.77954,95.43028,89.06151,45.42807,False,2,3
981,0.8827942287301305,0.18740661694022542,4,"[0, 1]",Paola,100.855774,44.3151,53.444923,23.328062,91.544655,73.5021,59.360813,111.250656,49.493732,52.13104,False,2,1
982,0.9166591439723571,0.1624868991121153,5,"[0, 1]",Paola,100.91571,52.421726,40.43718,47.981293,95.829834,51.58386,89.24371,50.982353,62.375397,10.312417,False,2,3
983,0.9213870922158963,0.15702347295161379,6,"[0, 1]",Paola,66.98106,70.4611,12.479492,51.441746,94.8263,111.70194,70.48114,63.039696,76.82437,73.594475,False,2,3
984,0.9083513397494571,0.17461063965042573,7,"[0, 1]",Paola,19.25541,47.151127,40.758877,69.01766,89.84625,88.2465,60.690052,82.8921,59.962887,37.213978,False,2,3
985,0.9160621559065074,0.16385245125306871,8,"[0, 1]",Paola,70.48931,62.317677,60.37862,78.550735,108.80476,29.74767,52.612072,107.484795,71.48337,41.31335,False,2,3
986,0.9161123002692527,0.16427608847538272,9,"[0, 1]",Paola,83.462906,1.8310871,58.115284,28.501163,99.198425,50.016827,71.31659,103.663605,97.46228,31.646212,False,2,3
987,0.9195796249527624,0.15575507102645625,10,"[0, 1]",Paola,54.53569,28.211031,83.85514,83.29617,105.412605,48.312393,116.29402,104.61443,29.558325,22.04239,False,2,3
988,0.9125384697794017,0.17004958001844855,11,"[0, 1]",Paola,76.45508,1.6065714,15.7408495,53.9364,112.51376,65.54422,79.56535,72.16323,85.61897,52.199444,False,2,3
989,0.9124718071814377,0.16820900351974838,12,"[0, 1]",Paola,57.22287,53.61883,71.00255,63.27647,135.26875,71.090744,55.264503,72.75183,80.7971,45.208324,False,2,3
990,0.6966887638970632,0.302789783757977,0,"[1, 0]",Paola,145.71149,126.85823,125.03621,103.98176,74.49162,76.769714,44.25993,50.30796,60.972435,67.01427,True,2,5
991,0.8518784493218,0.20617584416714074,1,"[1, 0]",Paola,138.4612,108.611984,96.579544,115.031136,73.942474,43.696926,53.13238,27.481272,86.106735,62.550655,True,2,5
992,0.8355101562573897,0.21662298045102965,2,"[1, 0]",Paola,110.95586,94.97223,105.02284,79.770004,58.138355,84.99452,48.465183,-1.9443591,50.867977,117.99605,True,-1,5
993,0.7615815738912883,0.25069179235160644,3,"[1, 0]",Paola,108.21971,109.66208,135.46017,98.26753,87.21927,44.983906,31.582132,51.493374,96.96039,38.67728,True,2,5
994,0.724490856791193,0.26829555161842683,4,"[1, 0]",Paola,100.68155,90.786476,55.173805,87.96166,93.07974,49.7995,65.51687,55.6265,107.5277,74.11943,True,2,5
995,0.8941956681984079,0.17055286912605402,5,"[1, 0]",Paola,52.261494,34.99963,59.463757,102.86839,67.49057,35.05377,79.401215,77.80252,39.528687,64.852066,True,2,1
996,0.9064740215473772,0.16710580219028737,6,"[1, 0]",Paola,101.99463,56.20209,83.690796,100.78717,83.64704,28.049028,47.660572,57.925663,96.70265,54.003876,True,2,1
997,0.9154274530061197,0.14854894073160652,7,"[1, 0]",Paola,82.27737,78.03414,98.11698,81.042786,74.67769,26.498243,58.587444,42.71702,114.16086,55.21438,True,-1,7
998,0.899730690448059,0.16996045410817953,8,"[1, 0]",Paola,106.04625,88.94291,47.058926,111.332504,72.783905,33.868145,66.61021,53.51204,85.7573,51.858307,True,2,9
999,0.7693318102892571,0.24298836561312148,9,"[1, 0]",Paola,69.68715,87.046394,94.69751,85.57062,101.20949,72.05931,88.01741,81.813385,108.40781,12.720956,True,2,5
1000,0.8930406371124007,0.17233447474006608,10,"[1, 0]",Paola,21.833878,42.45925,85.72699,126.57699,98.45308,81.52932,52.562458,66.779015,55.229702,71.36717,True,2,1
1001,0.7380546428215105,0.28589807511157933,11,"[1, 0]",Paola,112.31676,64.54323,77.40784,73.22996,85.32428,54.55211,75.07028,66.321785,114.249146,89.12485,True,2,5
1002,0.8097522050067264,0.23565783377184638,12,"[1, 0]",Paola,93.45854,87.73105,59.81133,71.49381,97.51483,101.84291,62.817562,57.771618,78.56181,113.12441,True,2,5
1003,0.8801997421496407,0.19367843877384597,13,"[1, 0]",Paola,73.357506,39.004795,75.27213,37.57678,82.504364,105.414246,37.90008,57.70013,74.181885,83.06386,True,2,1
1004,0.7868717639393157,0.2599525971469033,14,"[1, 0]",Paola,67.72967,46.021084,42.456455,42.131554,126.03318,76.26467,58.839954,62.98218,101.50108,106.84551,True,2,5
1005,0.7835175332941543,0.25919354400951655,15,"[1, 0]",Paola,60.99239,45.351654,40.676205,48.19805,87.08186,78.400635,78.26453,65.85449,72.81106,79.849785,True,2,5
1006,0.6973683848547565,0.26776114367969894,16,"[1, 0]",Paola,7.9648237,78.03412,66.83212,89.53699,101.67885,48.36234,59.140026,92.25472,97.667435,94.80526,True,2,5
1007,0.5806958478961707,0.2862737391224687,17,"[1, 0]",Paola,78.37784,26.434004,67.090744,56.349846,85.17297,44.586124,75.793495,70.856224,126.27312,58.848484,True,2,5
1008,0.8196232029841792,0.22871885654395874,18,"[1, 0]",Paola,56.757538,66.84859,84.94571,68.07286,50.308754,111.76764,35.272385,53.585594,88.48297,102.54195,True,2,5
1009,0.8825052801524362,0.1916684145846624,19,"[1, 0]",Paola,74.69842,68.57225,16.80519,77.348694,84.65555,67.49455,76.49891,59.256237,67.33382,67.571915,True,2,1
1010,0.9547166313931533,0.08502912048972125,0,"[0, 1]",Paola,101.10538,130.75374,66.29838,111.45683,86.8189,116.17531,71.05289,88.51197,36.5677,20.236227,False,2,4
1011,0.9461068659561683,0.09651636032670152,1,"[0, 1]",Paola,84.25549,87.13978,72.07282,98.38642,90.05202,60.021152,72.7071,104.34492,39.333492,44.066437,False,2,2
1012,0.9617932010489846,0.07069861459734211,2,"[0, 1]",Paola,80.840225,63.05411,80.419495,111.16199,100.230316,82.83697,67.36167,48.83987,41.932102,16.289629,False,2,4
1013,0.9524934807053952,0.08324378394157057,3,"[0, 1]",Paola,109.34537,72.01535,77.135254,101.732056,112.15559,85.231186,83.0016,80.00566,55.39149,42.629726,False,2,4
1014,0.9636594173020241,0.07058569540489265,4,"[0, 1]",Paola,134.89272,94.4868,68.53252,126.36745,98.34404,70.39603,44.26785,105.18124,50.7391,8.484143,False,2,4
1015,0.9299688250116926,0.10923787845140853,5,"[0, 1]",Paola,61.334972,51.434666,56.54838,80.21165,69.79283,61.561905,74.93357,67.84103,47.870457,18.930786,False,2,2
1016,0.9557676120352437,0.08461010884972132,6,"[0, 1]",Paola,130.65884,87.23851,65.73918,99.4328,116.086266,64.594635,61.43588,68.38447,63.308598,13.904283,False,2,4
1017,0.9444070847059748,0.09522566209953731,7,"[0, 1]",Paola,130.53432,75.64413,88.50572,94.47535,68.72478,60.231472,59.66149,84.22855,52.963448,24.661192,False,2,2
1018,0.9542911954900457,0.08248717598817547,8,"[0, 1]",Paola,90.64137,87.44957,111.8406,108.68826,61.701717,89.23834,80.985016,87.432144,54.2599,35.636196,False,2,4
1019,0.9387325219621326,0.10327579036154885,9,"[0, 1]",Paola,102.43121,87.48729,83.36037,76.768005,96.966896,77.326584,74.11096,66.06686,48.61073,27.214317,False,2,2
1020,0.95342246024186,0.08649722291844786,10,"[0, 1]",Paola,75.3725,56.94591,41.181446,78.566154,65.44408,99.784454,73.03862,75.79247,42.4462,27.511654,False,2,4
1021,0.9611792183942581,0.07498630949495509,11,"[0, 1]",Paola,62.129223,76.12869,87.39012,103.97774,86.7788,64.47031,70.04509,67.37187,35.772972,15.392978,False,2,4
1022,0.9450520793682883,0.09591396300342629,12,"[0, 1]",Paola,112.145874,121.54858,130.66966,131.93893,105.725174,75.66225,72.337746,77.67952,31.05731,25.01446,False,2,2
1023,0.9645376568043841,0.0705208805771933,13,"[0, 1]",Paola,107.42734,70.428825,32.06698,64.31772,94.08842,75.09897,63.616375,90.70062,28.988344,-14.556242,False,2,4
1024,0.9486181184514256,0.09130165077759902,14,"[0, 1]",Paola,48.39107,57.21846,69.02796,86.865616,81.59059,22.849552,81.21418,49.268635,53.96548,12.281843,False,2,4
1025,0.9506305177452735,0.08907665679562894,15,"[0, 1]",Paola,120.438965,103.924095,81.40733,60.49143,62.754242,72.41042,111.4017,46.64211,11.535384,19.524782,False,2,4
1026,0.9721974729783137,0.056439562111267196,16,"[0, 1]",Paola,109.686615,101.415924,122.361176,98.56174,99.556046,33.756355,85.05699,83.187256,51.69046,30.435135,False,2,4
1027,0.9083685334433312,0.125634574747435,17,"[0, 1]",Paola,126.62363,83.45817,125.033676,125.12752,71.90177,82.2409,61.399406,82.669426,22.356798,28.945496,False,2,2
1028,0.9148118122659247,0.15288620898644023,0,"[1, 0]",Paola,39.83252,24.41142,22.235802,37.06212,132.78596,125.4188,120.20581,127.617226,75.422356,39.569504,True,0,7
1029,0.9115351327120934,0.16193549575798738,1,"[1, 0]",Paola,55.32428,37.759758,35.830112,11.983885,148.78859,81.03829,104.209206,98.78778,82.26364,63.473713,True,0,1
1030,0.9147664358274042,0.1515576741704385,2,"[1, 0]",Paola,42.96288,20.079279,31.16695,20.52297,88.957535,83.93852,128.6864,120.19655,89.4817,30.86432,True,0,7
1031,0.9216569721233452,0.14744362509602318,3,"[1, 0]",Paola,42.91876,26.839962,14.49514,28.786867,126.68445,140.9529,119.459145,106.08817,73.341644,53.262455,True,0,3
1032,0.9212204401660596,0.14682345689599882,4,"[1, 0]",Paola,23.927132,2.0733776,5.748508,17.448702,106.30321,100.126526,100.88193,86.91205,89.593124,63.950706,True,0,7
1033,0.9162604961275814,0.15465874660646522,5,"[1, 0]",Paola,36.310287,28.79119,46.895332,21.78222,123.46509,97.55159,81.77688,108.18206,67.925156,46.00571,True,0,7
1034,0.910213022343121,0.1629655989640547,6,"[1, 0]",Paola,72.15079,42.83903,22.54711,48.912884,115.596016,100.16757,94.95978,117.86327,49.963806,44.188244,True,0,1
1035,0.9204682525837323,0.14982453824130468,7,"[1, 0]",Paola,38.751396,30.7833,40.713055,43.899788,150.12868,75.101776,93.79205,114.38126,87.89349,29.112356,True,0,7
1036,0.9183492215830729,0.1454631965286697,8,"[1, 0]",Paola,37.83813,36.108765,7.5197077,38.826714,106.45427,117.12646,98.480415,140.92084,66.03732,91.130455,True,0,7
1037,0.9158980365170553,0.15138223665747452,9,"[1, 0]",Paola,47.78468,19.49299,11.92915,33.71589,113.54134,76.52265,90.98315,125.96886,73.025375,62.230743,True,0,7
1038,0.9186441739527599,0.15027942342697612,10,"[1, 0]",Paola,59.721275,22.249025,49.90685,21.205048,66.08425,76.46465,83.96556,109.86096,61.446167,30.086159,True,2,7
1039,0.9136849428525382,0.15245386995181273,11,"[1, 0]",Paola,33.178425,27.372707,48.730427,26.426756,119.65793,54.32365,143.6683,29.302347,95.35456,21.443895,True,-1,7
1040,0.9185517716250501,0.1525577700980325,12,"[1, 0]",Paola,36.76682,32.773487,20.281542,33.830303,107.92504,97.783646,88.57768,115.355255,55.236835,21.367617,True,0,7
1041,0.9268176035303579,0.1391478293458411,13,"[1, 0]",Paola,39.983223,33.137035,50.834812,22.87544,138.34235,76.58033,115.614235,94.48938,83.334854,30.551924,True,-1,7
1042,0.9216947832804265,0.14434281961887022,14,"[1, 0]",Paola,49.782185,51.092007,36.592342,37.590343,140.85663,131.22806,109.834305,88.58455,57.893803,48.702946,True,0,7
1043,0.9000314629024528,0.1669813396481289,15,"[1, 0]",Paola,47.97881,29.883945,37.267403,47.91798,119.977806,106.27345,129.2745,97.48277,61.639164,49.457676,True,0,9
1044,0.917423520954167,0.15095484123709282,16,"[1, 0]",Paola,38.2383,36.962112,32.887135,29.41799,117.44772,89.36913,128.40334,137.4806,52.786182,34.611412,True,0,7
1045,0.9264356557967967,0.13748077446946474,17,"[1, 0]",Paola,50.3258,25.128222,33.885204,54.562176,98.79564,145.49023,114.9506,107.35822,70.76352,71.72359,True,0,7
1046,0.9416025699768598,0.10077141038399291,0,"[0, 1]",Paola,68.44388,28.836582,18.267248,74.167435,119.15912,82.259346,89.30872,89.59517,71.70207,14.063886,False,2,2
1047,0.8521643740654373,0.16730735249180734,1,"[0, 1]",Paola,53.021854,52.368176,57.49176,76.24876,48.933758,69.607285,106.24291,101.5174,47.409588,33.20805,False,2,1
1048,0.9092596170590973,0.1290256402123188,2,"[0, 1]",Paola,68.91976,70.146935,38.18866,118.15079,73.79469,66.51836,58.62917,73.22726,38.352608,31.13856,False,2,2
1049,0.9545395972446574,0.08495626038092569,3,"[0, 1]",Paola,46.201675,46.337234,43.05097,96.91153,129.308,80.14814,69.20317,69.98695,25.997648,38.8213,False,2,4
1050,0.8633854313645475,0.16128673005441982,4,"[0, 1]",Paola,29.743235,33.587284,27.312994,60.051075,54.926186,81.76523,69.00608,79.71803,46.026806,43.33178,False,2,1
1051,0.8524654483933326,0.16010249429462842,5,"[0, 1]",Paola,33.23392,53.56026,54.801872,51.214718,106.94177,92.659775,100.542244,56.66453,37.513554,20.08879,False,2,1
1052,0.9439517917367318,0.10007411784863396,6,"[0, 1]",Paola,53.792458,10.124383,60.06854,52.08759,67.22762,81.847275,130.70064,50.89988,40.193634,40.238827,False,2,2
1053,0.9089129314532202,0.12924038729219767,7,"[0, 1]",Paola,139.735,92.87041,64.63388,65.65352,90.15994,75.26533,88.59221,34.726223,65.2071,21.935,False,2,2
1054,0.9438633083666994,0.0969809170529552,8,"[0, 1]",Paola,68.18718,57.606403,136.63281,106.47879,80.845245,51.121986,39.12204,86.850105,26.305536,33.94897,False,2,2
1055,0.9391222675699114,0.09868315677049194,9,"[0, 1]",Paola,38.4433,81.20897,108.47002,68.22821,54.397274,138.28148,77.90641,78.954025,60.4289,46.68374,False,2,2
1056,0.944278610580922,0.09152800353360431,10,"[0, 1]",Paola,94.67763,36.342354,40.091877,81.56658,89.72368,56.492947,-10.104306,55.966724,43.844112,9.390174,False,2,2
1057,0.9555964718892774,0.08240491983072824,11,"[0, 1]",Paola,71.27941,56.83288,58.2992,59.521656,73.44066,61.538483,43.28625,76.200165,48.816387,13.188222,False,2,4
1058,0.9456993283310982,0.0965327200718319,12,"[0, 1]",Paola,49.2562,3.4647694,44.266563,17.689817,107.21309,28.556393,89.34051,62.968685,46.925476,17.873579,False,2,2
1059,0.9278901229795637,0.11343017303888087,13,"[0, 1]",Paola,46.508213,120.72679,129.32521,108.449326,90.28116,73.12067,52.046753,73.437904,43.87304,20.986998,False,2,2
1060,0.9483719902117144,0.0915586722360922,14,"[0, 1]",Paola,56.24027,35.347874,85.34975,62.44884,70.968,64.824745,22.585945,94.16819,41.339455,10.154034,False,2,4
1061,0.9646925069978052,0.06983279272929589,15,"[0, 1]",Paola,79.49713,65.84292,49.333538,78.096985,59.262806,78.29319,74.12702,76.80177,28.89549,25.847952,False,2,4
1062,0.950250296831169,0.09051255386324722,16,"[0, 1]",Paola,50.443142,66.87007,24.406746,36.81618,96.88212,115.73321,73.99948,39.95932,66.923004,49.497143,False,2,4
1063,0.9365078356361378,0.10634749391261791,17,"[0, 1]",Paola,41.08993,104.8345,55.96272,48.026524,28.427868,95.108536,55.366894,77.14482,19.53582,36.310192,False,2,2
1064,0.8887295976822178,0.16794562854297237,0,"[0, 1]",Paola,99.768814,86.14632,56.23466,97.48432,134.29462,107.16136,69.13635,73.08925,96.09056,58.27055,False,2,1
1065,0.8841698498831574,0.16896102336401994,1,"[0, 1]",Paola,85.42503,95.81838,118.296745,96.89673,125.40912,47.570843,70.867004,106.453476,71.6906,38.755985,False,2,1
1066,0.8732718863145373,0.17718322489939137,2,"[0, 1]",Paola,121.26582,90.98553,85.27084,115.609314,93.28151,89.186356,102.08859,71.19632,60.85352,30.909359,False,2,1
1067,0.8801275222924155,0.17819147213371603,3,"[0, 1]",Paola,60.06307,70.18303,78.67348,77.67182,88.20304,134.16109,99.22308,63.755215,54.514153,27.595942,False,2,1
1068,0.8726292828489249,0.1711860600204251,4,"[0, 1]",Paola,88.49504,92.57878,56.44182,103.09274,99.05118,97.00993,55.32881,140.12419,67.17984,25.181496,False,-1,1
1069,0.7422596634552421,0.25924647992524225,5,"[0, 1]",Paola,97.20044,97.91873,101.46144,105.88356,118.93619,76.8516,78.39526,101.40145,49.26208,44.479816,False,2,5
1070,0.6312455596331153,0.29713355247289824,6,"[0, 1]",Paola,119.67755,74.719666,87.882324,118.8051,108.65104,117.56445,114.137115,63.133278,80.248314,64.33279,False,2,5
1071,0.7811986693311613,0.2369200202535579,7,"[0, 1]",Paola,101.36002,58.048115,73.22104,73.84262,101.31596,101.26459,106.88218,99.64513,65.58621,63.35235,False,2,5
1072,0.8853519464377361,0.16395676688278787,8,"[0, 1]",Paola,69.044395,94.01228,90.185905,93.32145,136.18991,56.574265,91.004875,102.2563,36.863087,56.621655,False,2,1
1073,0.8936814303357351,0.1624766062393187,9,"[0, 1]",Paola,119.97566,62.208508,95.474976,122.97007,138.3833,62.988197,87.14929,105.32667,88.907166,25.230486,False,2,1
1074,0.8920779431198824,0.16011267702865806,10,"[0, 1]",Paola,63.183743,90.87387,88.95201,85.13358,135.66159,76.38318,73.99142,107.58913,61.468693,40.558933,False,2,1
1075,0.8733032250993682,0.18203603984668362,11,"[0, 1]",Paola,97.127945,99.04877,87.08411,91.016205,139.95682,73.257355,106.37186,80.60593,56.366573,14.361328,False,2,1
1076,0.8934756280988847,0.15360785293927362,12,"[0, 1]",Paola,59.50746,78.85228,114.98758,85.035965,101.67105,114.78085,73.46068,45.612675,44.33852,63.6953,False,2,1
1077,0.8614511914682805,0.19123628594140685,13,"[0, 1]",Paola,80.78906,81.1626,81.26735,80.9339,81.89844,108.56131,81.22231,73.449615,76.81893,60.996536,False,2,5
1078,0.8963793090504011,0.15427856939735918,14,"[0, 1]",Paola,94.29643,68.26126,91.50343,100.62412,129.32704,82.55994,90.81198,90.646324,81.53213,23.92746,False,2,1
1079,0.864532598794526,0.1937828653317414,15,"[0, 1]",Paola,78.90414,103.42676,86.07547,95.90889,85.31202,92.89855,93.006165,83.36034,79.14647,40.820396,False,2,5
1080,0.8709943151324571,0.1890394742105692,16,"[0, 1]",Paola,115.51665,103.819695,77.3612,93.726715,77.08969,99.60094,92.59432,75.24003,53.343273,34.887554,False,2,1
1081,0.919559276607947,0.12956046344060856,17,"[0, 1]",Paola,107.09732,110.88561,100.54558,101.29383,106.151596,78.19584,39.800003,72.44228,72.38803,36.583687,False,2,0
1082,0.923169773631282,0.14651136903347203,0,"[0, 1]",Paola,116.84859,54.603374,88.33019,78.32738,129.3119,26.362036,87.484245,84.1448,94.77293,15.222943,False,2,3
1083,0.9331636336537638,0.13166501080670884,1,"[0, 1]",Paola,102.69979,79.57365,83.01471,61.968792,92.543045,77.850624,74.00844,62.6525,66.55667,22.922403,False,2,6
1084,0.9284423311436307,0.13877874878967933,2,"[0, 1]",Paola,55.26848,60.025105,64.01619,37.77625,127.8823,64.22529,106.2424,53.19016,99.44719,22.550951,False,-1,7
1085,0.9191099005699949,0.14016504087891987,3,"[0, 1]",Paola,75.20915,51.79939,82.82207,28.396662,107.54581,73.82301,85.617294,74.14095,105.363914,68.70602,False,2,7
1086,0.9142602073114593,0.16170644435271117,4,"[0, 1]",Paola,84.09004,69.45087,69.74451,79.461464,133.94759,68.52007,101.69157,91.89337,74.789276,11.27995,False,2,3
1087,0.9233670431174559,0.15191989054170071,5,"[0, 1]",Paola,68.79137,73.94227,38.945057,60.547062,97.37665,127.87049,95.99263,67.93386,61.068943,65.51378,False,2,3
1088,0.9236344891215471,0.14574507463616357,6,"[0, 1]",Paola,12.664654,49.73493,44.809376,9.392117,104.31059,76.1093,100.2968,77.60001,103.11766,73.48741,False,2,3
1089,0.8959929073887284,0.16584753763030669,7,"[0, 1]",Paola,77.22916,61.758236,64.73739,27.05434,135.46227,81.22209,78.13656,49.81309,102.9413,62.989292,False,2,1
1090,0.9233232222600722,0.15079906519022726,8,"[0, 1]",Paola,81.495224,38.58941,-2.338324,70.15776,123.86847,90.478584,69.3568,100.25256,83.8361,74.45478,False,2,3
1091,0.4094206271788253,0.2723550085305169,9,"[0, 1]",Paola,34.16686,56.114872,57.172543,51.00833,108.782646,68.93105,66.98604,105.18399,32.6225,46.38497,False,2,5
1092,0.9241655554469043,0.14948310302302803,10,"[0, 1]",Paola,84.149506,73.75091,75.16594,21.24475,90.99922,62.093346,97.04672,94.34415,68.23035,23.811625,False,2,3
1113,0.9494830249532787,0.09150852324415268,0,"[0, 1]",Paola,48.23653,45.48934,66.839874,68.1876,124.41748,83.69127,63.188206,48.07777,34.31361,20.626497,False,2,4
1114,0.9404578353849955,0.09990171195860684,1,"[0, 1]",Paola,51.19876,70.522964,78.866394,75.37783,66.27663,81.93786,74.240135,32.23967,54.476048,30.293386,False,2,2
1115,0.9684840998022213,0.06303449584865076,2,"[0, 1]",Paola,82.185745,65.32203,80.55609,100.26384,98.495476,49.484077,59.886276,75.168144,13.00973,-19.296642,False,2,4
1116,0.9454669218933142,0.10100741908925351,3,"[0, 1]",Paola,73.21201,61.39153,49.352512,52.865902,48.892475,66.49461,96.7577,72.23291,17.879084,16.99989,False,2,2
1117,0.9610227859004671,0.07320503662139842,4,"[0, 1]",Paola,54.861103,90.05652,9.139023,69.8458,94.168564,95.4671,46.626923,73.973305,55.682827,27.768194,False,2,4
1118,0.9436972245652694,0.0936023758564567,5,"[0, 1]",Paola,93.14908,47.989872,61.556667,39.135986,118.70058,61.38335,54.311546,60.913963,79.50895,7.339732,False,2,2
1119,0.9231241595739321,0.12733628570078673,6,"[0, 1]",Paola,90.594284,87.28865,79.8901,69.900826,102.30159,49.704247,47.12415,64.80671,47.659767,26.823011,False,2,0
1120,0.9524686056318558,0.085986895403347,7,"[0, 1]",Paola,77.91585,72.58935,80.29722,76.18874,68.87573,40.453327,66.70888,72.36062,26.179766,18.725742,False,2,4
1121,0.9218715341228854,0.1274385939799656,8,"[0, 1]",Paola,86.55479,51.314945,86.79487,45.393475,91.23764,45.23808,41.912354,73.62088,49.30313,22.770292,False,2,0
1122,0.9634847503234539,0.07267099071901088,9,"[0, 1]",Paola,61.951923,88.53445,50.876118,115.36597,58.134125,63.115627,53.482788,48.172543,28.734201,19.220018,False,2,4
1123,0.9246806424788001,0.11490570919929939,10,"[0, 1]",Paola,92.96011,56.33597,80.27644,88.230034,122.68304,62.360867,35.556885,43.48858,60.888393,23.498886,False,2,2
1124,0.8181940898778696,0.20232037789090387,11,"[0, 1]",Paola,61.576572,45.54846,66.08243,79.37858,96.004295,36.688255,59.82709,25.183897,70.19413,24.43091,False,2,5
1125,0.9496894690575665,0.09155828890622772,12,"[0, 1]",Paola,56.346264,48.898655,56.36705,64.718895,70.72274,59.65342,76.053215,45.910526,30.721643,23.13938,False,2,4
1126,0.9573902266011235,0.08247460567757717,13,"[0, 1]",Paola,86.52269,94.42035,98.4581,36.12964,88.57508,58.915657,73.678024,87.757095,65.92948,17.884964,False,2,4
1127,0.9528076571071898,0.08792742422821993,14,"[0, 1]",Paola,93.81836,86.08702,95.78329,108.3418,85.2415,69.695045,64.05187,74.70356,46.686424,37.56374,False,2,4
1128,0.9523139242284184,0.0891784092438165,15,"[0, 1]",Paola,53.219982,45.19669,63.3391,67.42024,67.527725,41.656944,44.00603,42.92296,51.47373,0.4334404,False,2,4
1129,0.9424769057132688,0.09650741207394829,16,"[0, 1]",Paola,54.887417,34.362263,95.22661,101.62268,73.23955,60.343464,87.796814,91.33893,48.232006,43.488777,False,2,2
1130,0.9613730512589541,0.07399602911969559,17,"[0, 1]",Paola,80.68207,10.630715,58.307243,52.163292,75.74152,45.49466,80.35364,49.988876,43.29569,13.665415,False,2,4
1131,0.8696584823165807,0.18996488696437097,0,"[0, 1]",Paola,69.76257,107.91269,60.31306,113.896416,42.6615,51.216724,56.697323,82.51984,37.290928,48.42622,False,2,1
1132,0.7776806678581981,0.22908637658330466,1,"[0, 1]",Paola,73.582504,73.37344,46.27419,45.608494,94.518555,69.21923,80.74355,6.289137,95.65164,99.69353,False,2,5
1133,0.8464110194984159,0.19816460050796608,2,"[0, 1]",Paola,81.00869,84.1756,55.235054,55.195553,134.2751,57.16937,72.85021,118.334206,94.51671,44.440514,False,2,5
1134,0.8951312939609566,0.14606213093291895,3,"[0, 1]",Paola,114.67395,111.446686,128.9921,113.060104,139.98161,80.61173,61.49894,21.258457,89.37869,52.92889,False,2,1
1135,0.8926934656987777,0.15732314998776584,4,"[0, 1]",Paola,109.881195,104.51692,111.54821,113.2489,83.324844,76.69821,75.29568,73.6462,86.5454,48.565067,False,2,1
1136,0.8342104145054317,0.2050841062179864,5,"[0, 1]",Paola,77.82219,68.575455,51.503292,88.464615,98.46342,78.35744,73.479744,91.50751,101.774765,49.073338,False,2,5
1137,0.8573015579036554,0.1850835357078132,6,"[0, 1]",Paola,76.20053,74.971176,46.04334,74.42085,130.39491,51.280823,60.645603,94.32013,139.88068,68.625046,False,2,1
1138,0.8624053747128367,0.18432926142974015,7,"[0, 1]",Paola,65.414154,76.90535,77.28311,82.257095,121.24711,105.403854,70.10002,40.949406,38.912308,64.37833,False,2,1
1139,0.8968026420416719,0.1549320286536568,8,"[0, 1]",Paola,117.31789,106.21739,103.70787,97.35258,36.164814,81.924416,29.631044,68.152885,66.03516,81.55852,False,2,1
1140,0.8723540984273733,0.16868761468856766,9,"[0, 1]",Paola,75.876305,88.33957,62.44853,82.26992,90.440994,72.43591,87.643845,67.21544,101.704414,67.47453,False,2,1
1141,0.8596842900752453,0.1842311169904434,10,"[0, 1]",Paola,62.607677,49.565235,76.64713,64.70305,75.88248,57.4016,51.874123,66.1861,87.07679,82.595795,False,2,1
1142,0.819129044945724,0.2332457369558381,11,"[0, 1]",Paola,109.14679,99.70455,58.80003,56.560486,68.384384,71.44234,84.68273,52.99743,91.64582,97.469284,False,2,5
1143,0.8616925417262187,0.1846034386676782,12,"[0, 1]",Paola,74.43471,112.06195,140.1014,138.87032,50.85022,64.44147,63.76386,54.306656,97.916214,79.75274,False,2,1
1144,0.8933902147101187,0.15637814494710406,13,"[0, 1]",Paola,83.68645,69.79158,53.60782,62.166016,88.67404,89.16336,44.076042,61.808254,80.311195,82.6907,False,2,1
1145,0.8597444819733606,0.19695654981363192,14,"[0, 1]",Paola,77.7968,85.12155,90.71521,72.013336,94.08743,67.99217,75.3898,64.98912,84.40248,63.83817,False,2,5
1146,0.8675031668792993,0.18005523241224833,15,"[0, 1]",Paola,79.41913,80.45085,82.08306,50.592205,92.02088,75.19108,55.851765,51.79944,123.775894,70.75553,False,2,1
1147,0.8986754652821956,0.15462999562327193,16,"[0, 1]",Paola,50.442745,76.12761,67.86726,43.861607,113.20947,82.76196,43.121582,37.71136,159.95355,76.03093,False,2,9
1148,0.8742551913691756,0.17493054109253373,17,"[0, 1]",Paola,114.76454,107.1221,124.6463,119.58003,115.79915,41.156734,62.747295,51.918797,99.54805,53.35467,False,2,1
1149,0.9279842960573862,0.1321353960049727,0,"[1, 0]",Paola,55.197033,34.140774,34.63057,34.693546,120.93947,72.88962,100.491714,128.18596,49.631973,41.68978,True,0,6
1150,0.9256754099911317,0.13674936805463997,1,"[1, 0]",Paola,57.999584,58.474895,49.960186,33.047245,139.5296,92.68481,134.78304,89.533554,50.361115,29.00411,True,0,7
1151,0.9281380104797271,0.13315305528543275,2,"[1, 0]",Paola,65.15128,41.978848,43.957497,22.934061,116.38478,43.680904,108.34898,97.413956,64.56294,3.2772844,True,-1,6
1152,0.9151389211097032,0.14684468431509248,3,"[1, 0]",Paola,61.07506,21.993067,25.562544,33.286747,109.36842,105.49745,130.99065,167.86873,53.399815,48.938534,True,0,7
1153,0.9277006742179293,0.1336464298696809,4,"[1, 0]",Paola,50.058327,16.504835,21.202728,29.092915,156.67007,121.628914,63.754917,120.56421,87.00677,34.264317,True,0,6
1154,0.9205711065846159,0.14414666532176548,5,"[1, 0]",Paola,50.13365,43.215107,51.023464,25.531515,128.34927,135.97989,91.69527,86.96612,72.0579,30.35794,True,0,7
1155,0.9134735629227095,0.14940393467746868,6,"[1, 0]",Paola,27.90257,36.969994,33.56999,38.66228,106.96804,109.484116,132.52217,108.40431,39.1523,55.055252,True,0,7
1156,0.9264875010105206,0.1341143300707849,7,"[1, 0]",Paola,37.13805,28.442957,51.247326,38.89658,86.537346,118.05326,133.04308,65.784035,53.757114,36.932392,True,0,6
1157,0.9265276843846102,0.13449213226988188,8,"[1, 0]",Paola,73.5356,33.49699,41.967617,32.849747,125.6217,120.85431,100.87808,45.22594,39.694675,35.69525,True,-1,6
1158,0.9231707732997297,0.1412520413423219,9,"[1, 0]",Paola,31.478956,16.61902,40.296272,43.075665,137.49023,107.15591,151.32637,172.60669,74.012375,41.17927,True,0,7
1159,0.9299498849271599,0.12870916192559168,10,"[1, 0]",Paola,65.77395,40.05409,52.483917,18.799435,133.0862,80.946785,101.144806,105.52449,55.77022,60.06506,True,0,6
1160,0.9238613991559625,0.14143187009481245,11,"[1, 0]",Paola,43.76752,33.41532,19.81605,24.356054,136.68004,89.6075,69.57329,98.14491,82.00508,20.50599,True,0,7
1161,0.9168253772059423,0.14703707121821202,12,"[1, 0]",Paola,55.833378,41.44648,19.341024,32.10845,145.13963,72.78688,110.5726,89.31726,59.31915,27.99921,True,0,7
1162,0.9205801357302672,0.14356976803076274,13,"[1, 0]",Paola,54.1919,37.34971,39.525887,27.940575,158.87056,112.82164,82.03382,54.758976,61.561733,59.363506,True,0,7
1163,0.9178278390518975,0.14451666501129876,14,"[1, 0]",Paola,26.736753,35.7856,41.453102,40.887344,100.892654,126.502396,81.41174,110.39136,72.66086,70.04729,True,0,7
1164,0.9305581132576333,0.12732149288792835,15,"[1, 0]",Paola,55.988636,47.59516,23.577223,41.528843,155.23326,114.53258,81.80362,116.88536,96.73154,27.481478,True,0,6
1165,0.9256594829066822,0.13697787316486157,16,"[1, 0]",Paola,44.854153,56.239033,57.866764,50.872795,140.49297,110.72238,109.875435,167.11192,65.14572,36.924572,True,1,7
1166,0.9268733321662131,0.13642703789970337,17,"[1, 0]",Paola,52.267124,30.252115,43.72056,55.70268,165.91289,83.94824,104.54648,124.127686,82.402245,39.561832,True,0,7
1167,0.9451378115501022,0.09613792378939107,0,"[0, 1]",Paola,72.808464,41.98631,50.68155,24.67452,122.00069,106.83653,89.628624,76.20688,42.734764,9.389902,False,2,2
1168,0.9141711259060282,0.1206827638559829,1,"[0, 1]",Paola,48.71564,52.252712,45.62324,45.664177,105.93796,105.86248,45.099926,99.0881,44.052578,32.175564,False,2,2
1169,0.9506197984261983,0.08776147996180522,2,"[0, 1]",Paola,68.50746,28.524237,31.847475,61.211174,100.04062,83.35563,74.59195,82.36526,20.025005,43.37446,False,2,4
1170,0.8542984419022751,0.17190933287593912,3,"[0, 1]",Paola,16.876791,67.916725,38.62967,49.645695,101.41667,68.94264,103.06852,131.97173,36.99732,36.742073,False,0,1
1171,0.940487055783592,0.0979247280263813,4,"[0, 1]",Paola,59.84412,75.23022,57.54436,38.771267,77.68666,116.79025,75.72339,69.6027,24.580885,56.05279,False,2,2
1172,0.935582207141279,0.10333563204702667,5,"[0, 1]",Paola,34.64204,51.352787,19.231316,44.99136,109.09967,72.52028,94.75612,75.33168,22.483192,35.60539,False,2,2
1173,0.9597499827102659,0.08008416105435028,6,"[0, 1]",Paola,48.837788,25.653362,46.501354,56.37878,95.39165,87.94363,84.005554,51.89678,63.588425,9.187503,False,2,4
1174,0.9662422249184868,0.06698779882593912,7,"[0, 1]",Paola,78.365814,49.16348,35.999897,64.60194,114.72124,62.59037,68.05168,81.04149,68.78513,17.779207,False,2,4
1175,0.9633919925938192,0.07053489151781883,8,"[0, 1]",Paola,39.82924,37.365746,41.22693,45.795246,61.89682,104.65813,74.43134,76.76368,52.93406,13.472201,False,2,4
1176,0.9593400497517487,0.07582020530653723,9,"[0, 1]",Paola,29.787157,10.5978365,22.6045,24.502611,101.97577,87.018814,90.616905,36.8829,78.51121,23.986883,False,2,4
1177,0.9444014532015113,0.09546073753666229,10,"[0, 1]",Paola,67.0481,9.280792,63.758892,17.939514,91.43208,53.046265,75.11839,62.611156,59.36925,26.746555,False,2,2
1178,0.9513756342314197,0.08226529475123665,11,"[0, 1]",Paola,63.485394,43.565968,59.604637,26.607931,105.13004,64.09769,76.502335,88.90758,35.74151,2.666128,False,2,4
1179,0.9559890320567139,0.08258075931293858,12,"[0, 1]",Paola,48.83015,61.986027,58.79838,53.241894,117.53238,69.41067,88.12145,74.382545,65.474396,35.410007,False,2,4
1180,0.9119337478695725,0.11554968106263878,13,"[0, 1]",Paola,59.706688,35.647896,29.213402,35.039165,129.57236,81.32127,59.64021,75.22919,57.32397,33.213478,False,2,2
1181,0.958949084744965,0.07638422129317637,14,"[0, 1]",Paola,65.43748,28.313562,45.266148,64.76535,100.380585,65.12656,96.80176,39.320103,61.216717,26.886007,False,2,4
1182,0.9581655024206699,0.07541913860382253,15,"[0, 1]",Paola,33.689114,50.65283,42.17304,12.889047,87.55287,63.927334,84.6531,75.67545,44.183952,20.23186,False,2,4
1183,0.9635976777133423,0.06803276791597156,16,"[0, 1]",Paola,68.86802,81.652,31.997068,60.30755,86.72662,78.161934,56.51125,71.047325,23.752333,20.865313,False,2,4
1184,0.9480007645542001,0.08426104829803627,17,"[0, 1]",Paola,49.88467,23.5375,58.817368,53.275818,81.63526,59.283512,82.09904,47.859707,46.560017,20.191568,False,2,4
1185,0.9230027599828133,0.13411346322312573,0,"[1, 0]",Paola,22.031513,94.0367,65.52532,54.83076,119.165695,172.2849,164.75906,92.8279,41.043346,44.73527,True,-1,0
1186,0.9230709764155922,0.13484827912716352,1,"[1, 0]",Paola,52.756653,73.35625,49.0999,47.232918,154.33363,178.35634,122.11011,125.37271,44.836956,39.38339,True,0,0
1187,0.925935763690616,0.13101285356777037,2,"[1, 0]",Paola,58.887493,42.462765,58.582687,33.50084,158.1698,153.33516,139.80916,154.03775,51.93643,29.1462,True,0,0
1188,0.9243309650311405,0.13375126962902742,3,"[1, 0]",Paola,57.183067,75.868614,87.20041,81.78004,115.58324,144.62668,113.02521,155.49377,46.64844,21.393108,True,1,0
1189,0.9195173927219371,0.1382536085790777,4,"[1, 0]",Paola,43.61648,52.41177,103.945404,47.013813,165.26949,158.78409,189.94014,110.21214,51.166706,22.531435,True,0,7
1190,0.926223806482432,0.1305542369779394,5,"[1, 0]",Paola,47.228947,30.76365,26.688324,62.95159,208.12785,142.1572,146.81088,127.8188,45.919197,28.952898,True,0,0
1191,0.9226324895986541,0.1345073890716577,6,"[1, 0]",Paola,76.6661,76.53465,16.652317,30.401373,188.51111,144.73053,151.45059,155.387,43.242,29.141264,True,0,0
1192,0.9257438361423166,0.13033824944430025,7,"[1, 0]",Paola,62.311214,13.319445,42.51143,40.39649,211.24437,86.663666,186.37218,169.47673,51.89612,25.882711,True,0,0
1193,0.9239459448522295,0.1349703210734773,8,"[1, 0]",Paola,87.019775,55.167534,39.16768,57.354633,190.71948,73.19618,128.60176,133.00526,50.231678,26.22841,True,1,0
1194,0.9181893922631855,0.13776799709878937,9,"[1, 0]",Paola,31.77125,30.174044,26.82906,56.778027,138.22327,129.6169,123.85745,163.70592,47.42049,27.037771,True,0,7
1195,0.9237649681224192,0.13247586797171312,10,"[1, 0]",Paola,30.207819,90.15004,28.458754,20.092428,149.93678,149.6822,163.33818,148.11487,49.134872,40.8773,True,0,0
1196,0.9266717041063556,0.1300500200287554,11,"[1, 0]",Paola,94.4872,37.13329,45.01574,38.371082,188.48706,154.23427,141.32343,150.84421,51.72001,37.569904,True,0,0
1197,0.9159045082537282,0.14129534854532344,12,"[1, 0]",Paola,107.58714,63.441677,39.90946,16.68445,161.3678,163.84476,130.91919,154.1191,59.325035,33.899548,True,0,7
1198,0.9249118859970565,0.13178388599156393,13,"[1, 0]",Paola,29.312376,52.497814,78.60363,50.646133,109.964096,115.20834,166.93404,146.72276,42.83202,16.912636,True,0,0
1199,0.9234034558976228,0.1341243334925542,14,"[1, 0]",Paola,63.809948,56.553913,66.50169,44.477253,131.41554,124.381065,135.38197,139.45851,53.290936,39.001812,True,1,0
1200,0.9252470401435837,0.13246688965797782,15,"[1, 0]",Paola,61.073437,22.366415,39.33099,93.404106,175.58635,117.71377,159.95027,143.41832,51.91876,27.25623,True,0,0
1201,0.9255052752597356,0.1331075138277248,16,"[1, 0]",Paola,73.08893,13.613556,43.423218,25.72882,173.74074,165.92447,98.822426,143.5585,47.722557,34.637806,True,0,0
1202,0.9255370481595494,0.13116453004376083,17,"[1, 0]",Paola,52.91503,37.81778,39.087578,26.92261,178.85753,143.00002,188.59724,142.43341,52.58315,22.047216,True,0,0
1203,0.9221614820354924,0.143437609554974,0,"[1, 0]",Paola,31.69638,14.056192,32.59571,25.220144,162.21513,103.91751,101.361374,124.58084,66.86745,49.797962,True,0,7
1204,0.9252757036206483,0.13935904539420535,1,"[1, 0]",Paola,30.71344,15.10632,42.078922,17.006216,156.95758,165.6758,103.6113,84.728714,77.45877,57.342815,True,0,7
1205,0.9400258275293735,0.1123477952255854,2,"[1, 0]",Paola,57.672977,26.715261,43.583374,20.826654,110.26848,96.16472,152.56749,107.16924,59.541275,58.17963,True,0,8
1206,0.9319252960529106,0.12616078596094787,3,"[1, 0]",Paola,43.846165,32.494328,17.906902,23.851086,156.1277,152.72202,145.69263,116.04027,59.292007,46.173763,True,0,6
1207,0.9302777690341557,0.12814654222837732,4,"[1, 0]",Paola,41.73382,26.94467,44.869972,47.1617,131.89601,115.11679,155.99783,130.24237,62.405186,42.58526,True,0,6
1208,0.928407854276129,0.13008975168325854,5,"[1, 0]",Paola,60.53117,56.508457,44.840252,36.92776,92.05958,129.32982,134.31517,125.3994,59.535015,46.469162,True,0,6
1209,0.9244733888864979,0.14024991917957202,6,"[1, 0]",Paola,35.423733,30.32479,31.235552,20.422127,178.50232,123.63015,117.364914,130.87833,73.89792,28.560768,True,0,7
1210,0.9314295228956745,0.12769566984410474,7,"[1, 0]",Paola,39.64367,40.08337,28.72759,8.217856,162.91748,164.23152,124.78471,80.47002,67.37054,54.1516,True,0,6
1211,0.9392536310232259,0.1126023121983377,8,"[1, 0]",Paola,42.46651,22.66141,16.68925,32.567486,159.69969,147.44765,163.29688,90.64969,67.70972,60.249725,True,0,8
1212,0.9392829858082176,0.1127966770973791,9,"[1, 0]",Paola,52.29482,9.181288,24.287703,34.590588,159.06805,123.48538,146.5355,124.92609,60.88919,38.38775,True,0,8
1213,0.9263535549142234,0.13654658117467178,10,"[1, 0]",Paola,56.23557,24.880323,25.221266,22.386925,158.63164,90.54682,174.03171,124.09644,78.649734,43.250355,True,0,7
1214,0.9193638002284781,0.14578103826633798,11,"[1, 0]",Paola,26.951286,44.99571,18.586576,40.96195,144.58994,155.45186,159.71483,60.94344,62.96916,62.81793,True,0,7
1215,0.9360234902257193,0.11845532571719178,12,"[1, 0]",Paola,29.151125,22.87396,50.55827,53.979176,152.72417,135.12929,66.26308,129.018,73.204216,50.898354,True,0,8
1216,0.9250489241178812,0.13119106561392627,13,"[1, 0]",Paola,21.041365,26.437933,18.528463,21.03082,132.10347,88.64369,136.48566,147.70454,48.028576,42.20166,True,0,0
1217,0.932636263838312,0.12095481074178559,14,"[1, 0]",Paola,44.229618,23.07793,29.857904,28.462694,138.15605,60.43715,118.08343,160.42746,58.438618,39.34054,True,0,0
1218,0.9253080192711441,0.13801596997049817,15,"[1, 0]",Paola,30.533915,29.022806,31.270147,17.340471,171.20923,146.45433,100.089264,116.248,63.6571,53.288387,True,0,7
1219,0.9110136795096203,0.15321522245801747,16,"[1, 0]",Paola,39.03946,14.563351,44.195797,51.407566,104.90849,51.80814,120.98137,161.88356,58.417927,48.70173,True,0,7
1220,0.9325663903806549,0.12404550472554067,17,"[1, 0]",Paola,41.251766,34.279415,42.63137,26.31137,105.77663,122.40035,131.35829,142.99437,70.80206,45.076,True,0,6
1221,0.9205168493680308,0.1415693502410095,0,"[1, 0]",Paola,66.94966,40.9427,51.844284,86.00165,74.84116,67.38141,65.56264,67.50336,68.78916,93.258316,True,2,7
1222,0.7187836525610484,0.2648369388541691,1,"[1, 0]",Paola,49.71097,9.144371,42.502842,66.31933,91.33248,49.52438,80.73553,93.81643,86.657455,67.93431,True,2,5
1223,0.8545326125919926,0.19751264365407115,2,"[1, 0]",Paola,37.483196,43.372158,69.73622,42.823673,76.34774,30.563467,70.80957,88.875046,99.4571,23.681356,True,2,5
1224,0.8740709342154424,0.19354869695148447,3,"[1, 0]",Paola,97.215904,56.58793,10.430616,46.326557,79.99309,83.99544,60.471317,95.02556,98.74342,59.998367,True,2,1
1225,0.8772394678271411,0.18913654946361325,4,"[1, 0]",Paola,76.68321,56.41345,45.337627,102.82463,58.64327,64.977615,50.027786,84.24465,29.403776,26.224527,True,2,1
1226,0.7116565822464334,0.24895780907388382,5,"[1, 0]",Paola,106.696526,81.06493,9.301431,42.162968,94.34982,70.77339,87.37287,52.978695,87.40221,84.739265,True,2,5
1227,0.8692016223778124,0.19068751611841833,6,"[1, 0]",Paola,76.58069,74.729515,65.95224,49.429207,141.65677,34.63482,81.82388,48.945545,104.4545,68.77497,True,2,1
1228,0.677987158341454,0.2661461619636751,7,"[1, 0]",Paola,1.5884945,94.81859,70.91178,35.96198,13.908628,73.09154,76.68969,79.14279,68.17372,92.3936,True,2,5
1229,0.8416515635235235,0.19751600031644095,8,"[1, 0]",Paola,53.10741,49.936,52.464146,89.02001,79.00749,57.392033,61.57043,79.66359,83.15546,98.08,True,2,5
1230,0.6134655744322762,0.27341204726065427,9,"[1, 0]",Paola,53.379948,37.240307,102.07181,101.83377,84.772934,74.117004,42.61854,64.00736,108.57842,72.790634,True,2,5
1231,0.890962783536925,0.18088271390118651,10,"[1, 0]",Paola,44.108273,86.13457,54.471806,76.716446,81.40147,54.68958,65.12691,101.274994,56.055176,83.86328,True,2,1
1232,0.8244158996536668,0.22895628533533388,11,"[1, 0]",Paola,102.263885,15.706851,70.51296,58.21847,100.86858,78.277824,49.166557,130.28087,120.82672,75.24765,True,2,5
1233,0.9279651298707677,0.1318744909613782,12,"[1, 0]",Paola,47.411343,31.95886,54.96642,49.023876,106.5488,79.464935,36.739613,51.512897,102.40615,113.9818,True,2,6
1234,0.8788543668790485,0.19111963200192214,13,"[1, 0]",Paola,83.27315,61.134556,83.80455,78.15995,111.13986,87.14622,66.33738,42.461033,98.294624,85.96153,True,2,1
1235,0.8137405161474437,0.2338625617037815,14,"[1, 0]",Paola,70.44522,97.40718,41.873665,54.721165,77.60445,70.879684,45.147755,89.62039,113.27186,67.85441,True,2,5
1236,0.691187071934659,0.27654440057776697,15,"[1, 0]",Paola,64.51836,-2.5663524,47.332043,60.986027,101.37985,46.203465,107.71097,59.758865,126.48803,72.389046,True,2,5
1237,0.7945758683504709,0.22846334351179887,16,"[1, 0]",Paola,81.53514,46.76624,22.180513,62.286728,102.30474,59.28117,32.798958,57.156906,107.63622,73.35517,True,2,5
1238,0.7707467774891908,0.24088422667116258,17,"[1, 0]",Paola,39.22124,42.399117,61.146107,96.53708,78.45651,79.75151,73.49991,59.115276,131.08247,80.72704,True,2,5
1239,0.7946127436863384,0.2277903424541086,18,"[1, 0]",Paola,46.126476,48.846222,74.942726,56.932106,78.0158,49.3563,101.03796,80.52789,90.554726,77.802475,True,2,5
1240,0.8589174574117657,0.19570035909440403,19,"[1, 0]",Paola,83.52524,76.136475,67.329926,52.908104,66.15637,83.08422,107.1476,31.406626,93.65392,67.899216,True,2,5
1241,0.9122674983568322,0.16057499999721442,0,"[0, 1]",Paola,107.01015,15.097168,46.710636,69.27174,117.79654,79.13991,69.590454,63.984707,120.62735,33.7703,False,-1,1
1242,0.9158274186116898,0.16565382935566483,1,"[0, 1]",Paola,82.5361,75.46538,43.889107,25.896646,106.68959,114.38797,94.226395,67.44945,71.75322,36.617165,False,2,3
1243,0.9101731245541307,0.16920610535623523,2,"[0, 1]",Paola,101.72604,73.509384,35.95276,80.64453,128.91458,88.37141,86.12924,63.687393,86.58263,80.6245,False,2,3
1244,0.9253407742365882,0.14776456814939057,3,"[0, 1]",Paola,31.940264,97.057144,22.251474,57.812916,92.475044,91.258804,70.227066,105.34972,78.837234,27.591955,False,2,3
1245,0.9092238882972894,0.1760869480348752,4,"[0, 1]",Paola,82.294174,64.79607,61.925373,54.95773,137.72246,97.51134,88.00477,79.0861,119.77329,34.09981,False,-1,3
1246,0.9063913870326905,0.17822169048830233,5,"[0, 1]",Paola,64.33004,11.34169,48.96842,53.17583,112.285,87.03369,96.553085,86.78529,19.90872,29.262983,False,2,3
1247,0.911442702313859,0.17320424229546544,6,"[0, 1]",Paola,75.58095,76.810715,48.985313,124.31251,119.21981,91.42852,90.56811,72.507095,82.81761,47.05691,False,2,3
1248,0.916749502427638,0.16133836897968148,7,"[0, 1]",Paola,84.00529,81.863235,94.483086,55.900784,64.5443,76.02582,102.24752,128.03108,43.57153,68.414665,False,2,3
1249,0.9035617317693324,0.18273749735814526,8,"[0, 1]",Paola,76.51301,66.91878,81.82441,99.500626,105.9872,71.231606,94.85144,100.46062,48.16762,38.045727,False,2,3
1250,0.9275980884629208,0.14048028412508548,9,"[0, 1]",Paola,118.047714,78.44124,48.69492,132.18033,91.05754,110.800224,98.05024,77.29589,53.818165,75.59968,False,2,7
1251,0.9244296996793877,0.1469350014421002,10,"[0, 1]",Paola,94.879005,54.353626,60.278324,79.390015,132.14902,67.80329,107.72824,70.09552,76.474075,52.618004,False,-1,3
1252,0.9184034195568128,0.14675871684773756,0,"[1, 0]",Paola,39.56586,11.370879,20.727762,36.95107,123.43747,108.76062,87.55131,107.252594,76.45222,98.1112,True,0,7
1253,0.9181834520266146,0.14721664881445823,1,"[1, 0]",Paola,28.709473,25.979578,40.684456,15.055167,155.1002,126.40209,82.33251,117.64056,76.59689,50.794357,True,0,7
1254,0.9368822481642455,0.11477588020048911,2,"[1, 0]",Paola,39.652584,26.018581,35.750053,36.50479,129.277,100.57123,123.02481,104.01299,46.68124,46.328014,True,0,8
1255,0.9370484555040273,0.10963799425739708,3,"[1, 0]",Paola,37.666386,38.178352,25.280981,56.50881,106.588104,114.026665,87.772415,129.60469,80.41914,55.175854,True,0,2
1256,0.9377798539017046,0.11258244165345818,4,"[1, 0]",Paola,31.492966,13.156378,28.961271,48.08431,141.05699,125.673676,122.613396,114.57703,73.688805,57.129295,True,0,8
1257,0.9026440208400488,0.16085055491955533,5,"[1, 0]",Paola,47.899998,39.605366,18.100725,20.448105,102.4329,117.565735,58.65819,113.5964,49.054283,68.41846,True,0,1
1258,0.9294543398966125,0.11877495368535819,6,"[1, 0]",Paola,33.64402,48.667538,46.64043,26.747742,101.55777,120.60917,85.94282,100.28792,61.367687,12.852184,True,0,0
1259,0.9315988217917538,0.11847869704309902,7,"[1, 0]",Paola,33.949142,36.284855,10.015777,22.18966,119.391,95.94697,111.69185,95.67781,56.65916,44.800247,True,0,0
1260,0.9333073834883322,0.11599562362489171,8,"[1, 0]",Paola,64.55449,26.569357,32.202267,56.728313,141.12724,91.05574,96.51484,132.9251,56.016308,72.51277,True,0,8
1261,0.9202766927594496,0.14279368294701558,9,"[1, 0]",Paola,56.65949,29.321112,29.350546,38.081226,120.94686,100.93145,95.31924,97.71448,38.157967,59.04214,True,0,7
1262,0.9306061092911088,0.11817139787040604,10,"[1, 0]",Paola,32.09413,28.858868,30.76708,33.964672,107.590775,92.42029,137.65823,113.43978,59.278046,26.289572,True,0,0
1263,0.9284511506806621,0.12579629269009338,11,"[1, 0]",Paola,37.678955,27.290323,39.530174,43.602455,115.65639,61.65355,120.64247,140.77414,56.370403,38.62217,True,0,0
1264,0.932010702983201,0.12260892264045699,12,"[1, 0]",Paola,50.59414,39.540913,59.498158,33.866398,120.88017,126.911835,110.97764,90.61229,67.24132,56.886005,True,0,0
1265,0.9313797982798628,0.12020423162961802,13,"[1, 0]",Paola,56.833168,42.68607,19.41644,39.453773,118.96021,145.71233,68.80212,103.654495,59.322018,62.07695,True,0,0
1266,0.9254346812761057,0.1230472926470417,14,"[1, 0]",Paola,46.40259,39.8967,30.39913,49.078,129.34998,94.85226,100.56308,140.7588,77.08903,71.296036,True,0,0
1267,0.9352728797112455,0.11358575002949563,15,"[1, 0]",Paola,33.583595,30.635199,16.971247,38.407013,125.31006,98.8846,113.783394,111.378334,59.23477,44.885963,True,0,8
1268,0.9269685114129962,0.12515073033248358,16,"[1, 0]",Paola,21.787996,38.402138,24.982777,22.450464,107.00107,105.77544,69.162605,127.248314,60.220924,44.07625,True,0,0
1269,0.9428648136198391,0.10593762592693261,17,"[1, 0]",Paola,59.244198,28.462101,14.047562,35.412754,161.42567,28.382929,99.3602,109.64122,70.02954,51.335697,True,0,2
1270,0.932857461863416,0.12014109819041241,0,"[1, 0]",Paola,25.212315,27.627401,24.053728,29.15589,123.42566,169.02522,125.98477,111.00137,55.77184,42.500904,True,0,0
1271,0.9309833637522635,0.12287612520777888,1,"[1, 0]",Paola,43.83864,26.994055,29.422346,34.20336,156.89275,147.71986,93.07905,134.3817,50.206738,38.47384,True,0,0
1272,0.926951629118134,0.1261487788378559,2,"[1, 0]",Paola,26.121601,39.741844,18.336588,24.707859,152.38383,146.94536,115.93533,114.612656,53.33568,38.77345,True,0,0
1273,0.9265933002572,0.12933332277924275,3,"[1, 0]",Paola,50.68867,36.77361,29.37095,23.619135,111.31822,117.582664,102.557365,119.71339,29.809618,30.66445,True,0,0
1274,0.9300363558693779,0.1238886136323049,4,"[1, 0]",Paola,40.96856,21.758661,32.03717,38.948708,136.20604,118.041725,87.871956,139.49594,52.720966,38.703445,True,-1,0
1275,0.9349715463650808,0.11721550217754755,5,"[1, 0]",Paola,34.743153,31.394226,43.685043,34.97414,158.84734,158.29202,115.9395,94.99513,52.05263,32.69852,True,0,8
1276,0.9343810011296454,0.11781858235734134,6,"[1, 0]",Paola,48.340942,26.077742,16.721655,21.800459,93.589066,99.16887,137.25288,124.300026,46.101315,22.270357,True,0,8
1277,0.9303441357616267,0.1240236835214727,7,"[1, 0]",Paola,38.608654,22.884464,32.4475,27.317028,181.17354,155.70308,118.000755,108.243515,35.980328,21.107061,True,0,0
1278,0.9314095401245627,0.12145334157337215,8,"[1, 0]",Paola,30.740051,14.592155,22.80517,52.53745,105.147415,77.4391,137.84297,108.85713,54.813267,37.812023,True,0,0
1279,0.9326247627858866,0.12076621605283366,9,"[1, 0]",Paola,31.017946,21.235844,5.9270926,25.879068,120.15987,131.29169,95.48526,110.615616,52.439247,54.740414,True,0,0
1280,0.9284995792839974,0.12462890058427264,10,"[1, 0]",Paola,40.901413,17.037561,39.03206,19.473364,99.47056,157.28749,146.96895,117.93011,39.45525,29.290121,True,0,0
1281,0.9248942702748464,0.12953173755961225,11,"[1, 0]",Paola,36.814404,29.93472,13.808481,27.882914,133.94603,107.115234,125.17474,136.97346,46.055477,25.169807,True,0,0
1282,0.9286104596262047,0.1270803527974119,12,"[1, 0]",Paola,43.233356,13.568594,11.639496,19.75534,135.3872,144.48184,110.28901,119.86597,45.357014,38.839474,True,0,0
1283,0.9310277340552623,0.121005157871636,13,"[1, 0]",Paola,14.449653,22.762777,30.33265,10.26747,119.910225,146.4489,132.39717,92.73509,56.065838,35.044735,True,0,0
1284,0.9202955575589629,0.13309153552806488,14,"[1, 0]",Paola,28.773989,36.628082,33.168385,42.744114,121.35334,85.30638,117.05942,151.61398,45.732967,29.999739,True,0,0
1285,0.9348396942520543,0.11762185742124406,15,"[1, 0]",Paola,25.543001,22.060982,19.244875,39.2881,164.6493,74.05819,141.08992,112.95364,59.371937,37.90167,True,0,8
1286,0.9306543725001233,0.12322511930837272,16,"[1, 0]",Paola,39.80407,46.562336,23.786335,24.142197,119.36799,133.69994,124.39814,88.537,54.731052,15.187952,True,0,0
1287,0.9272131320636489,0.12596124936859712,17,"[1, 0]",Paola,33.559906,18.262703,7.4341927,25.241539,154.23451,138.46114,110.85278,152.18079,45.9526,35.335796,True,0,0
1288,0.9362274503072152,0.12070237498831202,0,"[1, 0]",Paola,30.961817,53.557777,46.695232,39.813572,117.87201,79.24238,85.07183,122.28368,56.626095,40.65456,True,0,8
1289,0.9376254163436226,0.11794382007280765,1,"[1, 0]",Paola,45.1517,33.83023,29.126383,54.43887,167.5196,129.85884,85.82211,117.76744,100.91926,61.78783,True,0,8
1290,0.9310458689627981,0.12896518848511943,2,"[1, 0]",Paola,43.68256,49.014507,35.23576,14.772056,118.4553,109.429245,123.06613,109.69522,34.60608,43.568436,True,0,6
1291,0.9329420840911335,0.1262177727590493,3,"[1, 0]",Paola,45.80684,31.294703,84.48293,63.699482,109.25053,146.95367,108.321945,117.9554,71.604225,46.302025,True,-1,6
1292,0.9303208964673341,0.1315329184115116,4,"[1, 0]",Paola,47.15567,31.284561,27.112005,39.789963,121.489334,129.64952,83.762695,134.15291,67.42307,64.92929,True,0,6
1293,0.9020408455862406,0.14826179229252187,5,"[1, 0]",Paola,52.473736,42.66539,37.770817,32.8603,95.7597,109.95014,95.560905,113.70622,81.870514,80.84317,True,0,1
1294,0.9404931797270668,0.11213815460497378,6,"[1, 0]",Paola,55.652046,23.03466,73.41499,13.194356,105.2608,88.47313,129.73886,90.26663,65.21512,41.808323,True,0,8
1295,0.9208335833927872,0.1386187729073552,7,"[1, 0]",Paola,43.410522,18.982626,17.659212,19.217842,146.7894,90.90067,124.01291,136.45876,110.73637,50.129005,True,0,7
1296,0.9316848538451336,0.12866588410474522,8,"[1, 0]",Paola,28.175184,30.391253,26.850523,42.607174,103.407974,99.74588,132.36021,101.09874,84.47112,50.801517,True,0,6
1297,0.9301419238041704,0.1293148648917095,9,"[1, 0]",Paola,55.900066,23.584694,34.638622,43.968796,115.56366,83.28395,140.50618,78.53115,100.25821,33.803753,True,0,6
1298,0.9145319686904478,0.14376429375443925,10,"[1, 0]",Paola,65.065994,31.292177,35.773,38.39317,134.3778,115.60662,139.82602,17.742264,56.429676,57.783184,True,-1,7
1299,0.9421232781629946,0.11123303242620505,11,"[1, 0]",Paola,40.78638,24.104588,36.755405,16.83102,144.39395,100.05067,110.06573,124.69433,68.764145,56.00298,True,0,2
1300,0.9373114722688064,0.11929064305096729,12,"[1, 0]",Paola,45.567135,34.37912,24.734697,21.86733,130.75105,96.69341,151.28941,114.384964,61.593643,61.019344,True,0,8
1301,0.9262374654353432,0.13713791234286474,13,"[1, 0]",Paola,62.87106,37.09087,49.41498,48.927906,96.58097,127.82652,135.41902,125.65712,63.29661,53.48264,True,0,7
1302,0.9306125099840745,0.12810832343613607,14,"[1, 0]",Paola,53.208668,54.19877,29.281368,31.665014,158.26001,157.92857,83.25433,92.66705,77.592415,41.073536,True,0,6
1303,0.9360265444412169,0.11895918566985894,15,"[1, 0]",Paola,59.356606,28.379713,53.140305,41.388115,144.38321,54.822796,113.087685,90.19088,69.297356,4.6553073,True,-1,8
1304,0.9340532325549726,0.12275281911970362,16,"[1, 0]",Paola,52.533615,58.84505,40.729874,43.21489,139.62547,123.72914,102.059425,104.06603,78.23346,42.005085,True,0,6
1305,0.9221676924382484,0.13938076910073752,17,"[1, 0]",Paola,34.46886,61.19971,50.72794,50.71489,106.31261,98.9998,133.84535,120.29092,61.351704,41.20653,True,0,7
1306,0.6300741161920924,0.2997343943873871,0,"[0, 1]",Paola,109.278885,143.33661,76.84088,52.760845,77.92611,76.0735,77.49724,61.58758,102.16226,57.704174,False,2,5
1307,0.6186758123428083,0.2821205478248733,1,"[0, 1]",Paola,123.39412,114.10446,113.90935,120.2411,84.4582,28.88735,49.40244,29.170698,98.90955,9.18677,False,2,5
1308,0.7371540821921347,0.2634106949845174,2,"[0, 1]",Paola,131.57529,109.6372,119.38133,103.30829,63.713173,65.96313,83.131836,46.704002,44.48057,63.845394,False,2,5
1309,0.7300470364803945,0.2676574828232055,3,"[0, 1]",Paola,148.32701,111.143616,134.53104,120.16051,88.56298,38.997486,36.336205,24.448616,86.06608,57.433598,False,2,5
1310,0.7262635940985628,0.25257583018623353,4,"[0, 1]",Paola,133.09793,144.57411,132.70107,140.776,97.011925,5.7180824,41.477955,47.511395,95.47454,45.39876,False,2,5
1311,0.7080444834631658,0.28832540076161106,5,"[0, 1]",Paola,135.21474,168.09843,86.99201,111.16233,72.44479,48.88536,25.041,48.64457,72.92555,45.556393,False,2,5
1312,0.8645113791059839,0.19174134586285077,6,"[0, 1]",Paola,123.3987,130.95609,96.47728,143.86308,81.29433,67.59971,41.32203,25.052523,60.28284,71.43953,False,2,5
1313,0.7752913572668789,0.248730530895971,7,"[0, 1]",Paola,90.506775,144.91963,132.24423,142.97237,41.657536,42.873775,59.80865,96.09271,20.39379,50.706577,False,-1,5
1314,0.8143378455410489,0.2372555754657904,8,"[0, 1]",Paola,143.23448,120.99614,129.23369,99.707184,81.81123,41.256783,43.541977,25.214788,60.177505,19.35989,False,2,5
1315,0.7440480391492026,0.26227309398557336,9,"[0, 1]",Paola,127.47446,83.78753,122.60762,114.12321,63.510113,70.60278,48.005356,27.810999,31.89472,61.166706,False,2,5
1316,0.846861211494958,0.20976981788313792,10,"[0, 1]",Paola,171.37753,134.30751,96.968796,153.32304,52.27456,41.368134,35.47436,58.217342,72.47589,69.109985,False,2,5
1317,0.8129271223841873,0.21747524284056224,11,"[0, 1]",Paola,81.340164,122.71512,138.079,161.59253,27.146456,33.9616,92.01371,71.46067,51.270016,42.94395,False,-1,5
1318,0.607944480129811,0.30391427652930486,12,"[0, 1]",Paola,124.20663,136.4439,135.78224,56.0032,46.519794,58.196613,32.940395,39.548847,58.117107,30.100212,False,2,5
1319,0.679649229674368,0.2785403645602415,13,"[0, 1]",Paola,122.96202,98.682274,142.1916,124.05316,36.3508,91.238976,57.064262,17.800812,68.228,79.861786,False,2,5
1320,0.6516276377796465,0.25786501287441277,14,"[0, 1]",Paola,106.41205,78.077034,110.88933,179.14435,61.482014,53.245113,42.04185,67.14136,41.932415,48.839687,False,2,5
1321,0.735819376737938,0.24484986641758222,15,"[0, 1]",Paola,87.10348,121.287445,114.252655,155.58673,77.353806,39.234,23.174269,52.702717,35.06696,49.024426,False,2,5
1322,0.8742820819517995,0.18440372437138447,16,"[0, 1]",Paola,157.05768,93.864136,104.542625,117.883,49.030586,90.894585,72.84587,34.18596,52.16564,92.78927,False,2,1
1323,0.8898615565082368,0.16652003945388164,17,"[0, 1]",Paola,63.12091,96.577545,98.740456,100.160545,110.19707,55.954365,43.387074,40.126816,128.94383,80.06102,False,2,1
1324,0.9200722842408662,0.15610978148605928,0,"[0, 1]",Paola,100.30143,55.588207,107.95426,49.24008,106.425385,96.164085,107.51253,87.772354,89.884926,72.968704,False,2,3
1325,0.9132852248352267,0.16858323160654054,1,"[0, 1]",Paola,67.81148,68.43221,70.40738,147.66594,121.56915,89.1366,92.23513,87.27521,88.52928,100.52763,False,2,3
1326,0.9259006142727272,0.1413632323284823,2,"[0, 1]",Paola,117.66124,65.07262,63.312485,62.355465,92.542206,91.48125,64.03007,50.077072,66.111404,63.344906,False,2,7
1327,0.8457726284067479,0.21710024148829385,3,"[0, 1]",Paola,101.631485,86.32244,42.108078,61.800083,91.197586,133.15611,80.394806,94.95001,83.166916,55.40194,False,2,5
1328,0.8915565022442636,0.18085160932553218,4,"[0, 1]",Paola,31.376942,66.786545,115.65947,54.13953,126.25253,62.565388,71.307526,61.88215,80.14447,35.079384,False,2,1
1329,0.9205249872145355,0.1530467487326818,5,"[0, 1]",Paola,122.33118,141.81302,77.31506,58.197422,82.24365,84.72163,76.6619,86.21965,74.810585,101.15435,False,-1,3
1330,0.8881085027246353,0.1957472253190185,6,"[0, 1]",Paola,52.740986,68.00761,63.71587,101.11368,121.99154,74.55805,96.33412,87.67631,107.28642,65.312965,False,2,1
1331,0.9185329325832352,0.16225788315174142,7,"[0, 1]",Paola,64.69853,83.92539,81.877,112.60019,112.578766,102.80107,52.8915,86.83457,100.683235,87.215866,False,2,3
1332,0.9282774022852026,0.13859603429872933,8,"[0, 1]",Paola,46.197704,78.17086,122.69084,81.602005,70.847946,72.845535,68.18787,97.029816,99.85034,76.40638,False,2,7
1333,0.9111945147660627,0.17254408862865442,9,"[0, 1]",Paola,41.314983,104.66918,117.148605,81.53263,74.647125,78.87302,95.71586,115.83567,27.44433,62.740265,False,2,3
1334,0.9181795310322273,0.16033604499081128,10,"[0, 1]",Paola,85.45624,85.966415,64.659035,75.44911,122.766846,100.666336,50.616604,90.65152,63.41467,96.61614,False,2,3
1335,0.9214674707929628,0.1396578581760017,0,"[1, 0]",Paola,53.26735,52.31913,31.079685,16.298666,156.10292,124.72786,116.44147,125.58382,60.435555,31.219915,True,0,7
1336,0.9232552724885557,0.13610600483955324,1,"[1, 0]",Paola,40.80939,46.5561,39.422955,1.456881,143.50087,96.971664,122.40061,134.6495,46.19356,24.126173,True,0,0
1337,0.9232746414275833,0.1369461136785364,2,"[1, 0]",Paola,25.283016,12.002648,1.7444134,55.938282,163.91841,103.987045,131.94455,104.03369,57.12341,37.477524,True,0,7
1338,0.9248727008112871,0.13352512623685373,3,"[1, 0]",Paola,26.660227,12.445956,29.900658,44.598824,108.92904,114.52597,155.59459,110.841644,41.573013,27.544497,True,0,0
1339,0.9248766041748078,0.1341992580807628,4,"[1, 0]",Paola,45.467167,16.263206,39.313076,35.421494,173.29585,95.57802,134.00961,111.91594,53.33759,26.575014,True,0,0
1340,0.9233643703230932,0.138126550867411,5,"[1, 0]",Paola,26.700048,13.703948,1.47068,13.112387,116.33297,131.28581,117.1369,129.37616,62.77202,24.952559,True,0,7
1341,0.9210771173305503,0.13885414789314698,6,"[1, 0]",Paola,49.835896,26.078184,53.373257,17.186026,136.15523,93.286545,109.41407,132.01784,41.156742,24.122763,True,0,7
1342,0.919456492865298,0.14243214511363889,7,"[1, 0]",Paola,40.114697,6.2370224,13.560859,9.800498,150.58159,129.58534,97.41008,88.61308,52.262615,48.250866,True,0,7
1343,0.9199925229843167,0.1418066837010344,8,"[1, 0]",Paola,16.025518,-3.0590036,1.402461,15.744704,97.24666,126.33322,72.884735,93.48586,51.29075,24.636765,True,0,7
1344,0.9259047235466821,0.13293461550182417,9,"[1, 0]",Paola,37.26969,24.452368,19.180447,13.176928,156.17773,107.58888,91.81607,157.05934,54.091236,18.068247,True,0,0
1345,0.9184431764684724,0.1424683881454187,10,"[1, 0]",Paola,47.646645,2.415145,2.7150571,32.291683,152.48532,120.1351,101.93049,169.11475,45.54811,28.842573,True,0,7
1346,0.921267079597345,0.13965647163214995,11,"[1, 0]",Paola,27.697098,19.371622,47.628544,-1.1937314,116.39276,113.83502,125.117714,75.50678,54.807365,22.04198,True,0,7
1347,0.9229572209144232,0.13737483136403306,12,"[1, 0]",Paola,65.02275,7.090912,12.278354,10.476573,102.207855,135.1814,101.30414,115.98981,50.546047,31.974905,True,0,7
1348,0.9227719568191737,0.13768092864263543,13,"[1, 0]",Paola,18.636787,0.69325596,14.156063,11.877973,136.36331,60.45421,137.71341,84.22361,45.578773,28.173178,True,0,7
1349,0.9205341169043533,0.14050020781086636,14,"[1, 0]",Paola,20.18333,8.01437,0.3211081,8.695838,102.11265,91.923096,80.95161,124.75456,62.07561,38.482227,True,0,7
1350,0.9127055427626783,0.1512446853145823,15,"[1, 0]",Paola,24.781075,21.859743,22.216803,0.5628255,119.38846,102.1798,78.65253,87.279724,61.216927,43.954433,True,0,7
1351,0.9200730015472243,0.14159833613071762,16,"[1, 0]",Paola,61.340797,58.919952,52.543884,-4.165517,137.95271,105.48364,156.47177,115.915184,45.55952,16.745241,True,0,7
1352,0.9185850067812055,0.143707483025163,17,"[1, 0]",Paola,23.001038,1.6039196,14.838262,2.8372788,137.77722,111.10553,80.33994,104.795074,52.776276,39.535614,True,0,7
1353,0.9226373183645605,0.13424745391556062,0,"[1, 0]",Paola,52.295914,31.795347,46.26092,35.941936,203.19041,140.01259,130.5888,119.354996,56.190998,28.762976,True,0,0
1354,0.9244188782666545,0.1328580843899574,1,"[1, 0]",Paola,35.119305,67.79528,31.143003,36.515793,177.79103,151.79558,159.3958,165.57837,43.21787,33.1082,True,0,0
1355,0.9292820719310452,0.1250801502769683,2,"[1, 0]",Paola,43.199123,53.711002,50.372387,34.058098,201.67033,158.38281,161.44193,143.61371,44.342407,24.628332,True,0,0
1356,0.9280681346836288,0.12792405596222672,3,"[1, 0]",Paola,77.49879,35.21487,49.870785,43.707825,184.57103,121.782135,130.22414,180.51543,48.353397,39.331127,True,0,0
1357,0.92457717115117,0.13416737275992943,4,"[1, 0]",Paola,74.85358,20.264063,44.044884,50.601044,152.34317,156.28688,140.71342,172.1922,42.07913,24.22875,True,0,0
1358,0.9233168835697871,0.134483264559341,5,"[1, 0]",Paola,23.62281,36.342255,41.506233,49.43874,185.08165,155.00981,137.3271,163.53151,59.175793,28.593603,True,0,0
1359,0.9246837595684054,0.13256250136597442,6,"[1, 0]",Paola,83.68392,73.30856,63.481968,39.642384,191.22229,140.65355,172.3741,122.41241,38.084335,20.555166,True,0,0
1360,0.9303939467411598,0.12406873708416304,7,"[1, 0]",Paola,21.995417,32.81345,61.696194,65.215675,183.96342,160.53954,126.355194,143.06735,60.195293,33.597256,True,0,0
1361,0.9293424188391076,0.1258686278041973,8,"[1, 0]",Paola,40.563267,59.969883,47.901783,69.59706,164.43517,168.2638,113.76877,164.59389,43.285313,17.824062,True,0,0
1362,0.9235032730654057,0.1337595962122405,9,"[1, 0]",Paola,95.11295,94.188736,52.648865,28.13378,166.23433,119.26084,160.71976,141.07608,43.994167,22.57421,True,0,0
1363,0.9221572004070006,0.13581023531336683,10,"[1, 0]",Paola,82.45576,70.45186,73.89004,56.289528,134.81917,178.0695,145.04852,114.64901,56.600956,18.3044,True,-1,0
1364,0.9210923145490162,0.13749470628297653,11,"[1, 0]",Paola,68.64368,49.500767,34.044037,42.006702,156.55763,133.19559,165.9553,135.75325,52.88563,20.30078,True,0,7
1365,0.9255873757437856,0.13026550184796346,12,"[1, 0]",Paola,75.237236,25.436068,48.95299,26.551714,179.93777,164.71056,154.9191,101.90556,43.103848,17.953018,True,0,0
1366,0.926171071021634,0.13065208430707786,13,"[1, 0]",Paola,31.87551,8.4215355,44.765316,41.635654,163.17635,123.32506,147.13142,193.28778,57.74663,23.377272,True,0,0
1367,0.9275331478010784,0.1282787606400931,14,"[1, 0]",Paola,58.782978,39.50713,33.64729,57.714947,194.61717,155.36288,132.89255,169.93864,45.828724,27.130249,True,0,0
1368,0.9274315335763487,0.12852679941134762,15,"[1, 0]",Paola,53.474583,11.357723,24.332361,29.590643,189.19724,155.62134,152.14041,103.88406,47.05047,27.52287,True,0,0
1369,0.925684742339226,0.13077201724127036,16,"[1, 0]",Paola,43.866886,55.228954,66.997246,38.733883,175.414,88.02661,201.2057,105.86314,44.178802,26.33441,True,0,0
1370,0.9248333805175968,0.1318591877166999,17,"[1, 0]",Paola,75.46047,49.83358,20.991009,50.443806,195.66005,172.18175,113.69444,174.16142,51.669178,23.394262,True,0,0
1371,0.91873584835162,0.14754487761560164,0,"[1, 0]",Paola,68.42032,66.85089,58.40086,77.174576,98.94026,59.83207,43.943424,63.151867,122.997055,109.52007,True,2,7
1372,0.9027295117301607,0.16706989638702388,1,"[1, 0]",Paola,39.78449,71.63613,55.852497,73.20452,53.247845,86.88203,50.662453,85.1546,126.5177,121.82575,True,2,1
1373,0.9087828517578566,0.16282871605518673,2,"[1, 0]",Paola,81.75546,21.31856,25.19837,40.894848,82.74805,95.594475,82.09403,63.16599,134.62856,136.2578,True,2,1
1374,0.8678192726702116,0.19211597975170686,3,"[1, 0]",Paola,58.174,6.386277,49.3465,65.48896,135.74255,7.7991705,98.99415,71.70396,120.3336,98.34463,True,2,1
1375,0.9176076278395581,0.15171232696805315,4,"[1, 0]",Paola,51.74486,48.681347,65.11325,86.040886,86.06819,24.539528,83.10293,100.497635,140.5269,94.79998,True,2,7
1376,0.8248266328924156,0.22580718819531567,5,"[1, 0]",Paola,77.74474,44.674835,58.79983,75.91859,71.48774,-2.7979653,56.94381,30.964315,121.96002,36.07825,True,-1,5
1377,0.9093713591790603,0.16467048907032728,6,"[1, 0]",Paola,65.505424,45.362484,42.67992,49.49614,97.98337,81.6368,40.1465,74.70705,133.54958,106.07747,True,2,1
1378,0.9134914556601856,0.16313634797325582,7,"[1, 0]",Paola,65.7595,56.397705,67.24393,56.057377,104.9933,66.572586,73.61052,75.1127,128.63211,66.710976,True,2,3
1379,0.912403718280161,0.15806437935713097,8,"[1, 0]",Paola,27.936499,53.04593,32.141235,38.002888,65.876816,73.25395,67.17567,62.982815,115.20993,97.15773,True,2,1
1380,0.8962381724522998,0.17941719168505907,9,"[1, 0]",Paola,96.732956,52.35487,61.2881,72.35918,111.48367,-6.945684,73.553955,54.167366,136.32356,79.12236,True,2,1
1381,0.8914108469288012,0.16774346593607842,10,"[1, 0]",Paola,86.64858,49.50657,29.683426,41.273075,105.8494,70.40854,34.730907,54.517815,137.45956,99.56679,True,2,1
1382,0.8753733976504986,0.19255485308851367,11,"[1, 0]",Paola,32.805584,98.8485,62.790997,34.64237,21.337885,84.306755,32.09863,81.38591,149.35811,112.217575,True,2,1
1383,0.9004543223170183,0.16262214437072667,12,"[1, 0]",Paola,59.165325,63.52592,51.36044,78.6731,78.72478,75.88579,37.06851,67.61873,93.08444,138.79115,True,2,9
1384,0.9071349505347238,0.1672519995326624,13,"[1, 0]",Paola,48.067593,21.303415,48.398117,79.27059,93.7079,78.51706,75.00723,70.757195,96.538025,135.58614,True,2,1
1385,0.9222398167189209,0.141011554714062,14,"[1, 0]",Paola,45.420803,24.458185,41.31848,50.367207,80.23499,70.65505,71.446556,63.329983,129.84169,109.30539,True,2,7
1386,0.9166341201588631,0.1478115881557532,15,"[1, 0]",Paola,45.260975,30.59556,32.587753,31.859907,99.037094,100.099495,74.41712,45.143482,152.05432,141.96687,True,2,7
1387,0.9148585320265145,0.1507256893209187,16,"[1, 0]",Paola,35.988785,55.548664,53.186317,48.040104,113.67672,69.290085,65.858604,39.8193,126.40367,81.752686,True,2,7
1388,0.7316409528733325,0.27482004115571884,17,"[1, 0]",Paola,74.50712,66.24385,55.898823,73.80325,121.46363,81.293365,70.690636,86.58812,125.37952,97.60842,True,2,5
1389,0.8711475446983532,0.18663394541576964,18,"[1, 0]",Paola,73.2385,66.49864,59.54338,29.881903,93.56331,52.596924,41.327866,59.87399,123.50702,119.26507,True,2,1
1390,0.8310548687115816,0.21778077920678715,19,"[1, 0]",Paola,82.3141,60.317066,67.46332,54.494877,106.20082,60.957237,92.968636,70.05643,117.27114,108.971085,True,2,5
1391,0.9348968244512259,0.11375042656159534,0,"[1, 0]",Paola,25.01417,37.022457,32.62355,24.355223,115.92475,93.40765,176.39076,133.53316,66.25567,32.748634,True,0,8
1392,0.93887351354191,0.11523700745143865,1,"[1, 0]",Paola,45.91347,35.07405,37.178825,32.441166,121.081985,99.12063,83.24071,115.07679,62.01863,49.850384,True,0,8
1393,0.9321230338555982,0.11969316204313689,2,"[1, 0]",Paola,39.864147,23.207163,13.840335,40.475758,121.072235,118.22771,135.33206,129.89468,70.66298,44.229214,True,0,0
1394,0.9340352659592558,0.11726358651998059,3,"[1, 0]",Paola,26.1342,28.637465,19.749126,31.674597,127.1582,136.68535,120.40632,93.375946,57.20577,52.733555,True,0,8
1395,0.936446369147934,0.11463461638848887,4,"[1, 0]",Paola,39.265377,35.677845,29.26545,40.181328,146.45285,155.17703,123.08954,105.86994,47.554615,44.300343,True,0,8
1396,0.9422790490767649,0.10977221994523013,5,"[1, 0]",Paola,41.482006,47.73323,20.319746,48.708057,110.059875,121.27313,84.357864,112.43404,56.934933,98.72803,True,0,2
1397,0.9353127986214619,0.11709488615330342,6,"[1, 0]",Paola,25.045322,18.623077,39.421215,21.906847,125.45307,111.57024,126.23333,129.46272,84.27499,74.538246,True,0,8
1398,0.9280263615601716,0.1274713577919337,7,"[1, 0]",Paola,45.64838,22.576866,29.03525,26.481113,140.66707,86.387924,110.488464,80.02103,57.49477,37.468487,True,0,0
1399,0.9296848806461168,0.12412227978121819,8,"[1, 0]",Paola,38.28491,20.32058,26.305103,17.085657,159.67244,163.57762,163.8074,116.736725,66.27878,35.936428,True,0,0
1400,0.9291272220475428,0.12150274504157324,9,"[1, 0]",Paola,30.44733,33.04454,31.854963,3.1045933,187.83505,123.356064,117.104324,99.34138,66.427025,42.368553,True,0,0
1401,0.9423488525607137,0.10768206936788702,10,"[1, 0]",Paola,47.636642,28.84146,20.351164,29.4666,144.77739,85.27374,96.9412,128.64697,71.83262,67.92664,True,0,2
1402,0.9325446027996755,0.12053301266656079,11,"[1, 0]",Paola,32.624584,30.613628,35.786,30.052305,149.40195,130.45467,108.32977,114.15673,53.385662,46.860172,True,0,0
1403,0.9211586963086593,0.13422907149345725,12,"[1, 0]",Paola,46.642815,28.552671,27.72493,17.203287,166.95572,131.59525,118.31079,139.19408,62.567802,48.628693,True,0,0
1404,0.9426998795476277,0.10788877643025674,13,"[1, 0]",Paola,37.5747,21.467484,34.69078,24.266571,141.84044,154.39268,111.57488,131.22331,72.89874,44.262043,True,0,2
1405,0.9418599179563867,0.10696100115726008,14,"[1, 0]",Paola,36.61467,23.186375,21.52023,35.19753,121.8062,78.32492,92.949844,164.83836,92.53837,56.764793,True,0,2
1406,0.9364434916576087,0.11420877077459249,15,"[1, 0]",Paola,35.827778,12.544827,24.677656,32.860504,142.8662,137.90907,116.72202,102.73682,84.70909,49.05027,True,0,8
1407,0.9261834077233299,0.12859355726781405,16,"[1, 0]",Paola,32.0408,33.766064,24.978601,37.6683,131.79547,79.44287,96.1922,127.07689,51.683296,39.6423,True,0,0
1408,0.9308404393143053,0.12145752260040193,17,"[1, 0]",Paola,20.640078,28.298513,26.13032,27.6794,150.44308,120.327484,128.13365,150.1343,61.042973,31.398523,True,0,0
1409,0.4043625925891116,0.24602905105047604,0,"[0, 1]",Paola,110.01753,145.66199,48.20196,58.110363,117.473656,51.794807,55.76356,76.69852,61.229473,18.90233,False,2,5
1410,0.6072882719940393,0.26689065471371437,1,"[0, 1]",Paola,40.54575,48.469917,46.01427,49.17239,75.26306,78.02522,54.28202,93.85707,37.49023,13.970278,False,2,5
1411,0.817430095162273,0.18215509551262374,2,"[0, 1]",Paola,47.773838,34.23132,60.87202,108.74841,135.67465,123.94644,60.305035,66.546074,47.015217,39.113876,False,2,1
1412,0.45320233830152495,0.2559214295163762,3,"[0, 1]",Paola,123.73309,40.551857,31.385231,49.84078,100.012924,39.10959,114.82815,65.143875,41.204,5.3607755,False,2,5
1413,0.8540868653466385,0.16501945614382815,4,"[0, 1]",Paola,98.32556,99.31309,30.638517,34.848003,94.05809,76.77027,116.78652,90.520775,62.218884,28.266506,False,2,1
1414,0.7721327961402951,0.2174433888949671,5,"[0, 1]",Paola,39.577675,75.738434,93.94275,71.6868,110.74278,104.7352,68.36842,78.98896,82.27205,41.39089,False,2,5
1415,0.47715343167456253,0.25351588584562174,6,"[0, 1]",Paola,55.442703,74.85643,97.97882,82.978966,141.28172,80.584236,70.74089,68.52466,81.714806,20.41567,False,2,5
1416,0.583599276671509,0.25663931689203145,7,"[0, 1]",Paola,92.33534,11.9401865,88.78546,46.04943,130.28758,63.499504,63.00841,58.46865,58.545353,24.520224,False,2,5
1417,0.5418707483141592,0.2946521439437536,8,"[0, 1]",Paola,25.621393,49.877964,16.04071,0.7200584,123.249054,117.62242,87.47382,80.28214,73.5556,50.670063,False,0,5
1418,0.6589918040083632,0.26205133045512036,9,"[0, 1]",Paola,74.7441,50.351643,121.80278,117.85629,82.12207,91.285614,66.79359,102.909004,45.78943,33.598347,False,2,5
1419,0.4135949931387089,0.25148121834023385,10,"[0, 1]",Paola,41.311295,78.23318,88.25578,120.20247,130.24437,115.892395,38.802036,84.196846,23.905428,75.43304,False,2,5
1420,0.7248215181932157,0.22434925764588642,11,"[0, 1]",Paola,81.61474,8.06343,34.026325,35.858795,115.476654,85.65535,66.313416,56.830585,50.335278,24.281254,False,2,5
1421,0.8225191317081347,0.20157893811390895,12,"[0, 1]",Paola,27.729183,60.565643,75.9342,70.284225,54.289845,128.84972,82.75272,58.170425,30.86323,42.32606,False,2,5
1422,0.4696304704073196,0.257845618761328,13,"[0, 1]",Paola,65.84996,8.835777,42.966286,64.01672,111.545616,88.856995,88.34081,87.10278,55.999115,1.843427,False,2,5
1423,0.9275506438423721,0.1144018469324593,14,"[0, 1]",Paola,18.822514,43.31876,30.528921,35.98106,124.50788,57.05058,79.39602,74.92328,32.394722,2.0995214,False,2,2
1424,0.7472644549756661,0.22603212480207255,15,"[0, 1]",Paola,35.184372,11.079782,23.048323,123.14957,94.24632,76.00886,67.564476,65.10496,55.664135,15.190618,False,2,5
1425,0.8756089759561231,0.15378356371726276,16,"[0, 1]",Paola,164.15562,106.620605,19.428295,20.785791,83.63135,56.484283,0.15359573,72.692856,35.492825,39.050556,False,2,1
1426,0.554965909259835,0.2670552801134141,17,"[0, 1]",Paola,81.95896,27.49947,7.079201,-6.281704,109.19849,35.438194,114.642975,106.99687,72.11705,11.613101,False,-1,5
1427,0.9678285957568891,0.06180336770402607,0,"[0, 1]",Paola,108.7823,96.959366,71.34409,68.87516,67.80165,81.27708,75.8805,101.2355,46.78131,52.529053,False,2,4
1428,0.964945664710961,0.06822202337433188,1,"[0, 1]",Paola,61.05126,70.1277,37.60066,27.15561,81.51875,79.6986,60.46156,49.806923,51.57018,58.47582,False,2,4
1429,0.9410825441283046,0.10171535497666526,2,"[0, 1]",Paola,27.523159,14.183406,32.12025,46.4263,97.892044,44.291786,62.571377,57.157887,109.25608,30.254786,False,2,2
1430,0.9529070019005124,0.08518973516164505,3,"[0, 1]",Paola,82.090416,35.256924,79.496086,61.942547,92.421074,83.93941,69.84789,94.61076,69.89926,62.58594,False,2,4
1431,0.9522947640153582,0.08647754002590882,4,"[0, 1]",Paola,79.01402,62.9964,35.472496,75.71153,72.86233,67.13175,52.946674,70.67342,50.332283,46.11085,False,2,4
1432,0.9368520029928104,0.10422598183636798,5,"[0, 1]",Paola,92.59035,55.95961,130.23183,49.787357,92.56239,71.23078,53.74643,87.602165,39.962326,30.798985,False,2,2
1433,0.9293342348889261,0.11421552586243582,6,"[0, 1]",Paola,79.58359,79.742935,97.59866,105.34309,84.40759,67.58017,104.91612,93.22702,64.80346,81.30228,False,2,2
1434,0.9616048433665758,0.0741940864942818,7,"[0, 1]",Paola,114.00503,85.69429,83.9703,83.653625,95.41307,38.139233,80.33672,53.6727,68.10056,53.70091,False,2,4
1435,0.9586341502262545,0.07529044881678644,8,"[0, 1]",Paola,79.92702,85.677,28.324348,85.94481,67.52162,69.00183,12.746688,28.712606,75.31442,61.895306,False,2,4
1436,0.9359753572155209,0.10185155877768903,9,"[0, 1]",Paola,102.540565,130.79482,76.44916,26.605446,89.66467,92.6239,92.22867,54.678238,76.25096,41.235245,False,2,2
1437,0.9659776357930507,0.0661547581385553,10,"[0, 1]",Paola,152.92775,81.3739,127.662094,115.886,93.159546,86.967026,59.661606,58.35181,56.412647,46.660065,False,2,4
1438,0.9639536348051215,0.07142503780825674,11,"[0, 1]",Paola,101.70413,109.61278,120.63971,93.10677,78.76187,49.75849,133.82808,108.04146,60.074944,44.67255,False,2,4
1439,0.9416518952580725,0.09244120985589556,12,"[0, 1]",Paola,68.9355,111.98018,131.63914,130.215,62.596024,68.818405,47.326603,51.431194,64.15623,38.442734,False,2,2
1440,0.8502849668021304,0.16934234205818477,13,"[0, 1]",Paola,120.042,57.883156,45.97771,73.109764,122.61009,66.649185,21.237757,82.66913,95.44385,19.103945,False,2,1
1441,0.962742476065619,0.07198574622596134,14,"[0, 1]",Paola,67.174904,95.0417,26.50303,121.00746,111.92539,68.663864,43.150017,77.51033,62.730007,45.312496,False,2,4
1442,0.9514389001350484,0.08910913634779577,15,"[0, 1]",Paola,65.334305,80.667114,111.39467,134.21931,64.60066,84.20238,70.40154,66.65607,51.537663,7.244444,False,2,4
1443,0.9661265626731554,0.06916233791391709,16,"[0, 1]",Paola,131.10846,141.40877,70.83026,34.710827,93.09757,46.121216,67.42627,27.362421,46.246426,53.65945,False,2,4
1444,0.9633155346359326,0.07126156920259603,17,"[0, 1]",Paola,131.37645,89.79631,136.69406,82.955284,51.718933,39.187817,68.23189,72.60944,29.405909,37.843616,False,2,4
1445,0.9379935868979088,0.11335815389726377,0,"[1, 0]",Paola,39.894005,12.053117,22.15135,22.532125,170.38887,129.67418,104.96287,100.56067,49.749973,33.900562,True,0,8
1446,0.9408681707719726,0.11247656953977805,1,"[1, 0]",Paola,24.363947,47.044384,25.195099,37.82584,159.84033,119.94215,168.33618,156.98871,77.88721,52.783085,True,0,8
1447,0.9294754189694606,0.13173764639782956,2,"[1, 0]",Paola,22.791107,29.07061,22.363228,31.489885,126.441345,150.21599,139.95659,105.066864,58.60008,60.60078,True,0,6
1448,0.9380167774005846,0.11864495011959073,3,"[1, 0]",Paola,30.736065,27.875912,15.373414,8.633464,169.73164,141.70947,134.38544,130.114,88.603386,65.76319,True,0,8
1449,0.9292696989297881,0.1233788316233243,4,"[1, 0]",Paola,38.76519,25.687792,22.886053,29.245634,71.672195,184.48335,144.90335,128.64944,59.08719,51.231277,True,0,0
1450,0.9455987218481823,0.10254828842549389,5,"[1, 0]",Paola,45.351406,21.187027,28.301912,38.27234,169.4449,116.77847,132.8757,135.46349,61.549038,35.523777,True,0,2
1451,0.9379067841918506,0.11992253038370856,6,"[1, 0]",Paola,36.393696,30.707876,16.227552,26.576956,126.01298,160.4619,77.562,134.87535,82.21525,61.225468,True,0,8
1452,0.9348718715394636,0.12345236531966193,7,"[1, 0]",Paola,33.400845,32.229538,21.885084,30.904745,162.01071,119.452866,99.07847,153.12581,65.44015,43.905956,True,0,6
1453,0.9397412865154423,0.11488853193962935,8,"[1, 0]",Paola,41.508923,35.65136,12.783993,35.259678,128.99207,165.68513,106.74921,121.49754,62.246105,35.440823,True,0,8
1454,0.943291254186951,0.10875130820014803,9,"[1, 0]",Paola,50.36346,21.069033,12.113055,25.992935,166.41579,141.43315,126.47198,94.58102,71.89102,59.35519,True,0,2
1455,0.9386969300206041,0.11708557494487148,10,"[1, 0]",Paola,26.342566,16.805714,27.61746,32.994694,125.26265,132.0782,92.40761,127.12373,74.43187,62.044037,True,0,8
1456,0.9329878731240582,0.12495162626995626,11,"[1, 0]",Paola,47.81364,34.20909,39.45464,34.01205,112.82532,146.74019,150.44473,134.7906,45.363888,52.429592,True,0,6
1457,0.946882660477038,0.1016267521548578,12,"[1, 0]",Paola,41.532803,31.023842,26.799734,19.084618,135.80875,108.872696,167.36336,127.26866,61.359303,36.820805,True,0,2
1458,0.9364124440726895,0.11438549323943427,13,"[1, 0]",Paola,33.317383,17.97939,17.47042,15.974532,134.22481,152.3722,165.2671,150.49344,37.024967,19.73103,True,0,8
1459,0.9357678270592651,0.12318699707855768,14,"[1, 0]",Paola,34.649147,20.197638,34.71787,31.02093,161.35141,136.80376,150.44334,93.30905,79.37281,47.923923,True,0,6
1460,0.9358784553783621,0.11985549891514626,15,"[1, 0]",Paola,63.83977,26.356798,28.195803,21.877132,182.85706,126.35651,123.68606,119.950424,67.22134,18.968012,True,0,8
1461,0.9401993151326866,0.11020570202413628,16,"[1, 0]",Paola,34.48452,12.2814045,21.837423,12.411132,153.18178,169.22961,126.38204,124.558365,57.738537,35.259686,True,0,2
1462,0.943881086599436,0.10497879799059563,17,"[1, 0]",Paola,28.985868,26.844858,31.577335,23.516003,172.8306,155.60123,133.14789,135.71817,63.630123,41.344685,True,0,2
1463,0.9285494762113498,0.12476834358151649,0,"[1, 0]",Paola,53.153053,41.296024,44.19419,49.554,159.46815,89.3618,78.005035,98.58933,35.2103,38.471504,True,0,0
1464,0.9360186280810039,0.11338830665563852,1,"[1, 0]",Paola,62.437786,35.96304,62.50146,75.60808,120.98956,45.998055,143.84418,139.84837,41.254414,13.521621,True,1,8
1465,0.938616628576097,0.11215306820413358,2,"[1, 0]",Paola,99.35694,34.581085,47.00148,62.5329,172.17456,127.879456,133.91393,75.87978,51.324986,46.68633,True,1,8
1466,0.9371128943226062,0.11466243380847291,3,"[1, 0]",Paola,59.55518,46.241436,57.154716,60.002865,146.6186,143.614,98.307014,107.61221,41.79975,44.000782,True,-1,8
1467,0.9257246612279842,0.1245161162968595,4,"[1, 0]",Paola,71.6835,47.75587,47.334354,65.182915,167.02629,122.30562,66.8734,143.1076,53.709312,25.968477,True,1,0
1468,0.935848904927835,0.11537090616825907,5,"[1, 0]",Paola,60.09401,59.100513,53.129063,75.72662,112.152954,52.67811,102.7471,146.79066,54.145473,22.676836,True,1,8
1469,0.9458224363805071,0.10033342703130005,6,"[1, 0]",Paola,79.1848,57.515316,52.687695,76.32752,123.61241,107.64375,119.04885,95.53192,39.77473,28.768251,True,1,2
1470,0.9248571367330051,0.12717485678746568,7,"[1, 0]",Paola,94.91916,69.697365,61.868305,50.065277,192.82912,101.36934,133.84497,76.0349,42.110462,21.797728,True,1,0
1471,0.9418758877974311,0.10553362147257152,8,"[1, 0]",Paola,63.95679,62.993534,68.24699,64.2502,131.61484,94.42305,116.453316,118.28163,17.520208,15.501424,True,1,2
1472,0.9437003667734228,0.10484339031693572,9,"[1, 0]",Paola,63.36971,64.90665,57.101604,67.46886,149.68527,108.72966,126.296616,121.651825,65.403854,42.113342,True,1,2
1473,0.937506533606142,0.1131334028439613,10,"[1, 0]",Paola,58.27402,60.403942,74.73181,59.073826,124.23596,88.7265,132.57928,146.0304,52.706947,28.49549,True,1,8
1474,0.9211008224260714,0.13400435504058109,11,"[1, 0]",Paola,56.16897,49.32291,66.96367,54.64777,144.81128,100.96262,121.136765,96.07759,28.21449,28.739698,True,1,0
1475,0.9297932113797105,0.12148954422383645,12,"[1, 0]",Paola,60.773502,71.256424,48.651028,58.370586,130.25635,140.06018,37.098614,100.45239,41.01666,28.383646,True,1,0
1476,0.9485363745698455,0.10019944263401244,13,"[1, 0]",Paola,54.83581,52.67741,76.44302,60.911205,124.30343,90.28282,153.83235,88.09621,45.849274,51.624485,True,1,2
1477,0.9433242752408911,0.10529491213501456,14,"[1, 0]",Paola,77.43279,87.96917,55.82011,38.67602,135.76317,82.864265,118.718025,128.56581,63.10791,45.686028,True,1,2
1478,0.9248592456653218,0.12781929746330759,15,"[1, 0]",Paola,64.857956,59.26207,59.08048,77.56114,167.38757,154.79515,116.08652,123.33552,41.279907,34.75454,True,1,0
1479,0.9301378987576876,0.1238042648540994,16,"[1, 0]",Paola,87.230804,48.24098,68.81616,59.316273,141.82712,136.7172,126.41543,123.629105,26.66252,17.042793,True,1,0
1480,0.9460686624974438,0.09942696909829948,17,"[1, 0]",Paola,80.25742,77.5873,52.60153,51.95257,126.435616,114.13348,111.09078,125.70706,37.463627,29.065266,True,1,2
1481,0.9355705112794617,0.12247919422257984,0,"[1, 0]",Paola,40.52365,35.046906,14.179141,12.084424,127.3682,120.94208,118.63433,90.78235,99.950455,40.976734,True,0,6
1482,0.9340268367828249,0.12478762674060805,1,"[1, 0]",Paola,38.920197,43.65856,31.074194,8.9976,169.6592,97.562935,134.74036,84.96779,60.82843,33.821217,True,0,6
1483,0.9373391452681175,0.12046581740870353,2,"[1, 0]",Paola,40.023754,31.868351,26.916521,22.467638,154.20372,134.34088,57.144882,129.12944,69.371185,41.662033,True,0,8
1484,0.9335467204313773,0.1263781977537642,3,"[1, 0]",Paola,51.090008,25.922987,18.824429,20.87762,126.805725,98.16371,127.64946,80.80684,50.006535,55.358574,True,0,6
1485,0.9405665201720709,0.1142908591268538,4,"[1, 0]",Paola,42.929714,24.151812,13.304509,40.264492,100.475555,132.32271,116.4731,127.90575,57.592007,49.623714,True,0,8
1486,0.9403245019754675,0.11571184858746775,5,"[1, 0]",Paola,32.900448,38.925842,37.469414,29.734278,111.51974,134.48738,112.859375,104.10178,64.2021,61.438778,True,0,8
1487,0.931796138246084,0.12875839615359758,6,"[1, 0]",Paola,28.115887,28.604815,8.628877,31.003328,126.42498,22.214674,106.97173,119.30426,68.4881,11.164441,True,0,6
1488,0.9358540204342486,0.12309804891255519,7,"[1, 0]",Paola,27.784237,33.542034,25.474161,41.85072,150.76945,90.501564,103.2234,128.50642,56.031616,27.9245,True,0,6
1489,0.9419544290024102,0.11221910781125292,8,"[1, 0]",Paola,45.848347,23.979532,18.570421,43.258675,81.41266,125.25868,92.01254,106.855804,49.843422,33.092754,True,0,8
1490,0.9352933733323475,0.12230037041165691,9,"[1, 0]",Paola,35.97389,8.374851,32.582764,29.56439,135.74646,106.18713,122.541565,111.3463,88.091064,36.944798,True,0,6
1491,0.9354422144004524,0.12406010329482085,10,"[1, 0]",Paola,25.293306,31.287031,28.586443,60.07803,176.95332,120.4333,26.319014,113.251595,74.01293,33.80163,True,0,6
1492,0.9348512484193128,0.12294403266943134,11,"[1, 0]",Paola,29.519274,33.86758,20.629572,19.971712,147.9077,112.47537,138.34502,169.75082,79.94244,44.73694,True,0,6
1493,0.9392619436784228,0.11597164154680867,12,"[1, 0]",Paola,44.127335,40.849285,25.891972,20.230341,136.05779,142.88127,113.70816,141.85934,79.34684,64.09633,True,0,8
1494,0.9350330917285816,0.12345653490087077,13,"[1, 0]",Paola,44.395157,44.984695,21.41978,6.1006994,106.46669,149.61417,131.75711,97.13995,48.377132,40.318314,True,0,6
1495,0.9276637255025283,0.13478933883069452,14,"[1, 0]",Paola,41.53769,21.832415,27.628603,26.11032,112.73295,137.87553,90.21536,103.48577,72.873634,42.198063,True,0,6
1496,0.9265460252270991,0.1320371672170612,15,"[1, 0]",Paola,33.542744,19.161608,14.292797,22.384392,125.29005,120.78384,121.25787,87.73951,104.874016,32.170753,True,0,0
1497,0.9435148626168128,0.11017572043275668,16,"[1, 0]",Paola,35.309986,29.489058,12.179568,32.292812,152.33536,136.45311,100.95037,82.81308,86.39285,51.16836,True,0,2
1498,0.9337510762008886,0.1257065443202852,17,"[1, 0]",Paola,36.186028,20.780905,19.822922,14.511457,125.28064,60.35443,117.1408,124.62287,60.107426,49.64819,True,0,6
1499,0.892876717579104,0.17945272334041973,0,"[0, 1]",Paola,156.72002,77.892426,86.50073,135.96245,88.167595,54.009907,78.77009,65.30533,83.2668,30.974184,False,2,1
1500,0.9093196267030775,0.16015600644259953,1,"[0, 1]",Paola,153.91887,142.48271,124.471146,68.26982,90.815895,90.841446,73.76189,61.644398,43.35171,74.395424,False,2,1
1501,0.8864201136371136,0.1834962094523739,2,"[0, 1]",Paola,75.63402,107.8723,135.76886,126.86694,104.34116,98.00468,82.728226,69.14745,88.909134,70.37631,False,2,1
1502,0.9187363301690988,0.15632723067019155,3,"[0, 1]",Paola,102.06922,76.051956,67.91664,58.247868,100.89098,87.29783,85.32204,79.07871,103.01032,81.252426,False,2,3
1503,0.9178053731174352,0.14930036389884468,4,"[0, 1]",Paola,84.712585,137.22334,66.88303,93.36405,75.3062,121.06886,60.954838,95.39548,55.974285,45.033947,False,2,7
1504,0.8472055729919777,0.20425727993105278,5,"[0, 1]",Paola,64.38692,83.173615,114.9016,77.14157,34.438343,91.656364,89.91379,82.75921,51.315083,57.34028,False,2,5
1505,0.9202199128783627,0.15720656141872658,6,"[0, 1]",Paola,81.71942,77.91224,70.07832,99.58507,92.135216,80.31362,121.67595,68.52645,92.42674,46.93346,False,2,3
1506,0.9116088312565622,0.17245145714714433,7,"[0, 1]",Paola,82.4026,111.061844,96.40405,40.161083,104.77491,79.813156,103.1084,88.301895,70.77631,17.62469,False,2,3
1507,0.9236264283322113,0.1507757341943961,8,"[0, 1]",Paola,87.70798,82.89699,102.35146,82.00981,113.137,77.12051,80.670975,108.98242,72.024216,45.6773,False,2,3
1508,0.9222823378807529,0.15424028042881202,9,"[0, 1]",Paola,107.46678,55.027977,91.68798,98.19481,86.388596,82.05334,127.01102,74.50529,63.859577,45.75643,False,2,3
1509,0.9293721600004161,0.13953751864977829,10,"[0, 1]",Paola,125.842186,79.61325,103.36987,76.25221,90.966064,94.248795,87.55693,95.923996,77.86164,89.75592,False,2,7
1510,0.9219290928619942,0.15498259389913172,11,"[0, 1]",Paola,100.747406,51.80472,111.70622,73.568115,98.96917,90.57707,102.23004,94.96289,79.94794,14.9311075,False,2,3
1551,0.9286599589216378,0.1271269306446426,0,"[1, 0]",Paola,41.546223,19.787449,20.763163,22.841267,141.48839,131.56398,131.10327,119.30535,50.970665,35.311104,True,0,0
1552,0.9458520256381938,0.10406469867448315,1,"[1, 0]",Paola,29.349684,31.201365,31.444002,23.088446,151.57043,82.61245,128.93307,152.97499,44.050064,33.46381,True,0,2
1553,0.9321254265372003,0.12783226473700537,2,"[1, 0]",Paola,39.007496,21.629644,24.433401,37.437405,138.44926,107.51831,105.34156,108.36763,67.69519,43.945194,True,0,6
1554,0.8777760208913982,0.1651286271170793,3,"[1, 0]",Paola,52.360573,26.085579,35.44116,31.440264,99.78943,110.59513,95.62062,107.214615,67.072235,65.363106,True,0,1
1555,0.9232828688404101,0.13523126401920327,4,"[1, 0]",Paola,55.86996,19.26392,29.455662,44.974983,140.29695,147.17574,96.28223,140.69984,46.97109,34.32198,True,0,0
1556,0.941670419389952,0.10981438679768046,5,"[1, 0]",Paola,26.676798,35.842506,28.406097,24.837427,144.8168,163.04964,116.06805,137.659,51.95612,26.370333,True,0,2
1557,0.9417060920819947,0.11441883490664694,6,"[1, 0]",Paola,50.580982,26.04938,24.69203,52.404026,185.38507,113.05998,119.47492,136.38286,62.058777,39.962112,True,0,8
1558,0.9416984596091145,0.11545246619474894,7,"[1, 0]",Paola,50.31226,6.200049,22.186907,41.063305,134.2108,88.84235,143.04976,86.6353,82.1233,47.048725,True,0,8
1559,0.9426798794773799,0.10740005434455396,8,"[1, 0]",Paola,35.52399,44.28748,56.890842,12.618884,114.93443,155.71745,129.12976,83.905975,85.44618,69.62698,True,0,2
1560,0.9424925609216126,0.109063189781833,9,"[1, 0]",Paola,33.759556,39.701332,20.599802,34.501587,135.17921,100.438934,130.20993,134.3228,84.5833,39.81923,True,0,2
1561,0.9307244325265858,0.12379098331277474,10,"[1, 0]",Paola,27.867853,29.04869,30.20706,26.730743,122.93025,124.49675,168.06511,122.14567,53.57667,15.831145,True,0,0
1562,0.9392127018145321,0.11754357065298805,11,"[1, 0]",Paola,57.14554,32.485394,52.26813,19.38328,154.0872,112.48215,84.89699,147.86911,62.456783,51.914265,True,0,8
1563,0.9338875764783454,0.12445988186632932,12,"[1, 0]",Paola,28.116032,31.416378,34.79556,7.111759,163.5284,145.52835,137.4265,104.260765,60.944492,43.269337,True,0,6
1564,0.9409859743688801,0.10906650565370862,13,"[1, 0]",Paola,47.32232,19.138422,23.731333,41.30384,144.90608,166.42879,115.25219,128.04526,73.33881,53.790752,True,0,2
1565,0.9487580482404929,0.10060538599006823,14,"[1, 0]",Paola,53.412415,37.60173,17.347061,24.691046,118.366684,164.39207,123.78726,147.2993,55.34914,27.297298,True,0,2
1566,0.9380320658240986,0.11962674839528296,15,"[1, 0]",Paola,41.30032,7.447112,24.742682,31.82968,124.89995,121.554436,153.44681,132.07787,53.888508,69.51727,True,0,8
1567,0.9425192904639608,0.11037821542995399,16,"[1, 0]",Paola,42.813587,14.141523,17.913143,41.754654,120.07544,93.306885,135.69202,114.14351,54.47742,56.619656,True,0,2
1568,0.9391403442410039,0.11192098816868208,17,"[1, 0]",Paola,37.83438,13.489852,16.237358,24.104336,153.81743,122.96511,159.99393,139.3836,65.74404,25.588106,True,0,8
1569,0.9025801539432393,0.16206107076369156,0,"[1, 0]",Paola,26.476208,28.886673,12.972047,21.453812,109.359215,118.273346,116.13867,106.7944,45.348896,70.63354,True,0,1
1570,0.9166278482371523,0.14656691030148766,1,"[1, 0]",Paola,25.767416,18.037659,31.16207,55.180626,137.26872,125.800995,93.1624,126.42848,66.23317,41.50278,True,0,7
1571,0.9267423473306563,0.13649056677823573,2,"[1, 0]",Paola,67.27983,78.575966,40.96989,20.905132,120.287125,94.534904,76.86332,61.60305,76.16284,62.39784,True,2,7
1572,0.8991576013452698,0.15977448561751806,3,"[1, 0]",Paola,48.4932,47.930504,50.965298,47.573826,118.67802,158.73463,134.80519,113.828384,81.65678,51.58161,True,-1,9
1573,0.9262460026196423,0.13674368973924575,4,"[1, 0]",Paola,29.037716,38.71115,38.98193,36.588356,130.6656,93.471375,129.96304,123.933395,47.104824,42.321415,True,0,7
1574,0.9118090309703835,0.15017248783244905,5,"[1, 0]",Paola,55.643787,17.321867,37.51439,29.920021,124.01926,120.9509,97.2869,111.0423,51.52067,24.436563,True,0,7
1575,0.9205693023707974,0.14178642618581322,6,"[1, 0]",Paola,41.875404,41.186077,64.2941,55.377117,168.62802,87.86187,84.09219,152.19444,51.12253,41.289616,True,1,7
1576,0.917143687920247,0.1474894450664815,7,"[1, 0]",Paola,40.537952,32.566612,23.353197,37.350876,113.74928,109.45043,106.51316,112.48559,56.316566,68.91605,True,0,7
1577,0.7715032696297525,0.22416368425280075,8,"[1, 0]",Paola,34.965183,24.872326,22.867117,30.613546,106.48566,145.32135,89.06105,122.45126,43.905952,60.920452,True,0,5
1578,0.9177905571373537,0.14259935783410158,9,"[1, 0]",Paola,27.97708,13.267551,38.94909,18.325073,106.18088,115.03282,94.62113,111.36704,62.200687,59.564266,True,0,7
1579,0.9388201844914476,0.11780637384409477,10,"[1, 0]",Paola,70.25455,30.086506,22.743204,33.527374,99.283936,98.280815,83.53979,97.73364,61.743153,85.937225,True,0,8
1580,0.9154769924342215,0.14391157221379558,11,"[1, 0]",Paola,57.49283,81.232635,70.89084,55.259907,48.739567,100.86106,114.03838,128.93318,36.78636,54.543446,True,-1,7
1581,0.8964808324297429,0.1650208625965798,12,"[1, 0]",Paola,49.2161,53.169006,58.542442,62.71893,67.47658,120.21998,97.926575,97.35758,101.62879,30.815218,True,2,1
1582,0.9227282602697935,0.13967679613345604,13,"[1, 0]",Paola,37.933212,49.494614,41.539433,46.067677,119.62481,110.831154,83.25191,128.71121,76.97829,61.762104,True,0,7
1583,0.9104463415665308,0.14916200749379108,14,"[1, 0]",Paola,42.2454,38.86532,48.443462,28.882711,119.27681,105.35181,111.93828,92.384445,60.46281,47.622005,True,0,7
1584,0.9118747089006793,0.14426320704638715,15,"[1, 0]",Paola,74.57908,61.070858,54.861713,39.343147,134.54031,99.68044,84.775185,136.67581,53.384655,40.506866,True,1,7
1585,0.9340786541053149,0.12424169492312438,16,"[1, 0]",Paola,46.458534,27.173668,30.115498,39.667206,59.630627,61.273643,89.46962,116.22684,35.267654,74.81204,True,2,6
1586,0.8380879099057791,0.1904483339104235,17,"[1, 0]",Paola,26.782475,24.038015,23.715523,25.983885,134.7728,129.05939,115.67722,81.93852,58.174046,68.26415,True,0,5
1587,0.8808541120701521,0.18663297124423858,0,"[1, 0]",Paola,74.30336,64.994675,105.07202,83.58147,102.21926,53.012295,-7.78188,25.85879,105.98633,67.6717,True,2,1
1588,0.869785329759104,0.19719485415223856,1,"[1, 0]",Paola,76.37156,82.8692,75.8256,49.512306,95.57378,72.02268,81.15775,40.723484,91.78044,104.32736,True,2,1
1589,0.8821447537674834,0.19010791707297012,2,"[1, 0]",Paola,66.95089,91.487686,47.84968,89.09314,62.67229,69.60921,58.516155,66.28041,68.529236,106.29006,True,2,1
1590,0.8787819383956915,0.18425439450806846,3,"[1, 0]",Paola,89.75389,75.7159,68.3859,58.867905,106.73502,99.96765,63.801342,54.053062,121.7602,138.32748,True,2,1
1591,0.7038660710600083,0.2799642003697117,4,"[1, 0]",Paola,78.42442,72.73872,139.83841,48.667446,74.7795,44.816353,91.323074,56.88126,68.204285,73.97659,True,2,5
1592,0.852865465675207,0.2113140556987418,5,"[1, 0]",Paola,45.127697,23.281275,69.263176,72.397156,89.12309,81.0833,78.24953,77.00998,93.34221,88.21669,True,2,5
1593,0.7984568991660869,0.25023547408079017,6,"[1, 0]",Paola,46.074768,51.338177,99.01126,61.960476,20.601564,78.45086,55.344803,76.1443,50.843952,98.6383,True,2,5
1594,0.893132596505512,0.16754794800605938,7,"[1, 0]",Paola,70.6442,36.71672,57.51486,57.319496,96.5143,82.16419,54.938656,84.243675,103.129486,50.0947,True,2,1
1595,0.8763063129190902,0.20169775133558046,8,"[1, 0]",Paola,98.17152,58.542065,59.15566,39.562992,123.778534,60.72923,91.14659,36.31163,112.830986,71.333405,True,2,1
1596,0.8544391935399386,0.22373552181342868,9,"[1, 0]",Paola,57.060123,20.840567,38.039726,51.315742,102.071075,50.166306,41.223328,15.483739,130.1631,103.3757,True,2,5
1597,0.8529973719647614,0.20202204519436132,10,"[1, 0]",Paola,62.16807,29.297562,70.25836,33.543312,91.81094,49.559776,80.167984,56.17957,116.062485,87.12953,True,2,5
1598,0.8762249797342884,0.18855634411171215,11,"[1, 0]",Paola,60.745235,60.84612,70.93801,70.65239,102.0731,58.19351,45.50647,106.26074,102.03963,99.32618,True,2,1
1599,0.706590851276233,0.2995619012369667,12,"[1, 0]",Paola,70.84936,72.01239,0.51739293,28.139643,94.44,86.66626,34.935955,69.79624,107.71562,109.04254,True,2,5
1600,0.875638791536839,0.17892786926550305,13,"[1, 0]",Paola,94.49135,57.673965,48.277267,18.020393,101.98812,56.86684,82.820755,86.693016,80.819374,115.70444,True,2,1
1601,0.8571454762785974,0.20772717746423,14,"[1, 0]",Paola,62.228115,25.15333,56.105186,47.383633,71.3275,77.05833,63.162514,72.305435,135.63553,122.18869,True,2,5
1602,0.7203723316387729,0.2740070017018002,15,"[1, 0]",Paola,34.76808,51.971046,63.757504,77.96532,86.257095,56.38692,44.485962,86.33566,94.55765,92.09276,True,2,5
1603,0.8888180581365893,0.19077047487119167,16,"[1, 0]",Paola,95.75189,38.533627,30.704325,62.145832,108.99391,68.91682,58.543808,81.3283,122.97919,26.533533,True,-1,1
1604,0.8894290123115375,0.18377966905544593,17,"[1, 0]",Paola,55.040836,68.95092,54.311546,41.851757,100.90467,64.626625,59.02793,102.16936,135.35919,87.88245,True,2,1
1605,0.7912061578374142,0.24533448647107026,18,"[1, 0]",Paola,58.696186,33.26234,65.18296,50.44679,52.543365,53.01471,32.41451,74.2991,84.98755,113.575005,True,2,5
1606,0.8524541249256798,0.2019485088116866,19,"[1, 0]",Paola,44.482944,71.23518,66.395744,89.351555,93.606415,62.509457,51.501606,60.043827,109.823654,96.55711,True,2,5
1607,0.9076450122430804,0.12982746979477708,0,"[0, 1]",Paola,47.814373,63.785725,109.134224,50.037197,92.35562,55.820435,69.23476,60.15283,32.88068,40.648758,False,2,2
1608,0.9533916331199939,0.0860165273374306,1,"[0, 1]",Paola,133.1547,76.998924,32.814133,29.321875,107.28691,80.79492,60.774014,79.23909,46.04134,27.234823,False,2,4
1609,0.9174310824770477,0.12889067779457966,2,"[0, 1]",Paola,92.89571,84.75023,60.10579,68.69807,121.8047,49.282757,50.33977,79.758255,63.105343,10.977517,False,2,0
1610,0.94550040290487,0.09873872747751064,3,"[0, 1]",Paola,44.675095,123.269226,118.77716,49.668186,88.902115,57.332394,91.283875,73.40926,44.27765,1.672682,False,2,2
1611,0.9477917881054949,0.09600014003380564,4,"[0, 1]",Paola,57.18586,41.090168,43.152473,55.288364,105.2596,63.01531,58.59978,89.939606,42.26677,-17.510376,False,2,2
1612,0.9190640159948744,0.12589392211028694,5,"[0, 1]",Paola,30.423412,68.201126,74.64215,71.07301,103.38512,106.89553,71.1926,68.78458,30.197897,34.827137,False,2,0
1613,0.9550873639294626,0.08127771799173182,6,"[0, 1]",Paola,74.74409,40.926662,74.05143,94.52316,102.99872,71.82632,31.3323,51.13523,47.430058,-12.047047,False,2,4
1614,0.8510732612552395,0.17536764979335848,7,"[0, 1]",Paola,85.71062,54.474636,54.208492,88.15799,100.766685,83.06179,37.40182,73.38557,55.735256,44.476948,False,2,1
1615,0.9322950670618523,0.11623445735086967,8,"[0, 1]",Paola,63.567253,28.474693,57.614735,14.438618,81.4736,67.291504,113.67741,85.51024,43.678368,21.534054,False,2,8
1616,0.9562385456437305,0.08325968082975915,9,"[0, 1]",Paola,66.96397,74.1782,56.1807,69.13378,64.89911,80.31928,65.87053,135.8762,10.451678,27.28059,False,2,4
1617,0.8823056756244911,0.15272730601442341,10,"[0, 1]",Paola,38.469242,88.74513,87.59025,86.74916,75.359085,54.28138,25.08104,86.90665,36.712868,6.0865574,False,2,1
1618,0.8788368263322355,0.16135417863706253,11,"[0, 1]",Paola,57.677277,69.93483,53.36861,66.675095,87.63107,71.83706,75.09479,80.31417,47.277058,2.785403,False,2,1
1619,0.9296375400694871,0.11884557815270338,12,"[0, 1]",Paola,50.268032,61.385975,55.51997,57.648006,85.5944,54.68714,89.92238,67.74259,36.894146,-3.7234528,False,2,0
1620,0.9375709354059185,0.10931169457928447,13,"[0, 1]",Paola,130.66267,104.371445,132.89645,64.045715,50.590923,57.587765,89.12792,76.77939,24.487692,11.057152,False,2,2
1621,0.8970093894757255,0.1492378845977911,14,"[0, 1]",Paola,95.30636,66.46343,54.173035,72.06677,82.97392,77.81371,33.511204,85.641464,31.594019,11.315257,False,2,1
1622,0.778293242674261,0.21732902832458956,15,"[0, 1]",Paola,71.05316,32.81043,53.26195,24.334574,100.9767,75.38108,96.898155,58.98692,59.037155,41.303055,False,2,5
1623,0.9152598189491761,0.1089461793504509,16,"[0, 1]",Paola,58.839283,66.671486,49.66328,75.09896,92.609856,67.50799,79.13756,74.88863,21.826254,11.049141,False,2,2
1624,0.9418731892152644,0.09827293400416037,17,"[0, 1]",Paola,110.92607,84.42575,78.117386,145.81569,112.97315,64.33692,69.9293,53.214836,31.336945,16.893774,False,2,2
